HUC8,1958,1959,1960,1961,1962,1963,1964,1965,1966,1967,1968,1969,1970,1971,1972,1973,1974,1975,1976,1977,1978,1979,1980,1981,1982,1983,1984,1985,1986,1987,1988,1989,1990,1991,1992,1993,1994,1995,1996,1997,1998,1999,2000,2001,2002,2003,2004,2005,2006,2007,2008,2009,2010,2011,2012,2013,2014,2015,2016,2017,2018,2019,2020,2021,2022
15020003,295.6626282,295.4848328,189.2930145,250.6503754,232.6290436,237.0483398,315.727417,284.9220276,214.405838,271.6404419,278.9970093,262.2820435,179.1230011,247.0319519,290.733429,229.3115997,235.4278717,271.8492737,244.2860565,296.5322266,282.0528259,272.801178,269.7726135,277.0412598,324.621582,350.1202698,395.1052246,288.4915161,333.2928772,288.1491699,312.5346069,177.0624237,272.8143616,236.3079987,382.9477844,279.59198,290.1974182,201.1632233,252.4696503,290.6901855,277.5002136,289.5667114,262.454834,249.9382019,234.2493744,196.5609741,252.3909912,208.0721436,260.1520996,240.0041809,258.4735413,170.9443054,248.0175934,221.0444336,213.9173737,260.5849609,261.616272,401.2329102,258.3896179,200.9412384,285.7553101,299.7237854,170.1793518,228.3601074,319.7763977
15020004,275.1656189,283.3103333,191.4396667,243.1267242,225.7272034,235.7397156,309.6119385,284.6584778,214.2103577,252.0643311,282.76828,259.985321,178.0373383,230.4502258,274.1664124,238.6759491,230.3635254,256.9165039,239.3095093,286.1308899,280.7890015,266.9200745,270.0093079,270.0108337,318.2582397,346.1844788,374.6586609,304.9211731,316.3057556,292.5565491,308.7172241,169.9849243,262.1386108,221.5703278,378.8890686,268.4329224,279.8526306,202.7548523,226.1648407,287.0951843,273.4766235,277.1647644,250.6734009,232.0883331,223.5908661,200.687027,249.380722,211.036438,234.6737518,210.7309113,256.1604614,152.7688446,249.3515625,216.0686798,208.0262299,261.5443726,248.6872406,394.2142639,254.2360077,186.6254883,269.6160583,301.2343445,183.2481079,246.4210968,295.7981567
15010014,239.4427185,207.7130585,174.6806641,132.1921997,106.1417084,172.1890717,92.21492004,267.6078796,154.8989563,188.2235107,147.6677094,208.081955,172.7302704,143.844574,183.7185822,200.9181671,179.2976532,141.1332092,224.5959015,200.1469879,420.3673401,298.722229,253.8066254,191.9591675,275.9474487,300.8291016,303.6391907,184.6335754,205.3065033,227.3315582,191.5654297,121.2200012,211.6667023,240.0661011,343.3928528,225.765274,223.3568268,187.3101044,133.8591919,204.3825378,250.6490936,145.0475159,148.1634674,130.9057922,62.38106918,187.0108032,304.4050293,212.8480988,88.43875885,139.9960175,142.303833,129.9090424,183.8952484,127.1435318,274.163269,145.5194244,139.456543,227.5758057,168.8364258,149.6119232,187.2839661,291.334137,107.061676,141.9826813,112.1384735
15020001,447.5215149,404.7895508,299.7189636,375.5840149,364.8140259,351.6199646,432.5287781,403.0460205,362.26828,417.5068665,400.9081116,382.7499084,278.1421509,350.0978394,393.9405823,332.0343628,339.6795349,401.9638367,370.6255798,435.8675232,398.2242126,360.0021362,384.2450256,395.7471924,424.3308411,539.1586304,532.8560181,431.8287659,464.9654846,403.4446411,438.1989441,271.7454529,396.4906311,361.8695679,512.5570679,372.6089172,402.0653381,312.3789978,382.2520447,391.1659851,429.3092651,416.9259338,348.5407104,384.2456055,366.0955811,315.5494995,344.548584,300.4420166,397.0841675,353.7521057,411.5825806,266.2564392,386.4812012,338.574585,333.3084412,396.165863,363.5343628,563.0060425,390.4087524,332.8774109,398.3801575,422.1698303,238.2076263,350.3752136,468.0410461
15020005,425.3625793,398.3257446,307.0724487,359.9594421,346.139801,342.3885193,425.4925537,401.9288635,344.5642395,371.7201233,421.9104614,425.1802673,284.6529236,340.0674744,375.6142578,347.7442322,334.6994324,406.8902283,387.8637085,426.1049805,426.6900635,389.2120972,414.4674072,395.8919067,457.3630066,525.0328979,546.8643799,471.6717834,451.8307495,427.1602783,430.7612305,288.9732361,387.0738831,377.9303284,553.8930054,381.8235779,413.8971558,320.9536438,339.7047119,364.522644,426.7737732,387.7380066,354.2418518,366.9672852,313.3738403,336.7525024,379.2064209,305.2380676,349.1435242,286.8916931,400.9038391,242.7499084,381.5756531,353.8427124,332.532196,411.3076782,359.4727173,573.3210449,396.2963257,286.5982666,396.3161011,455.8256836,267.3615112,401.3811951,447.8818054
15020009,229.5442657,256.5354309,185.8841248,227.4461517,207.4655609,232.8048553,276.0302429,285.5943909,212.8627472,216.509491,273.3132629,251.6504211,175.3798828,205.7312164,243.894455,235.0895996,219.7597198,227.7177429,214.9641418,252.043808,257.9707031,241.4285278,249.4586334,250.181427,303.7757263,318.3330688,327.3692932,309.2032776,292.3703308,294.522644,288.3334656,154.1591644,247.3856049,203.8460693,347.4904785,259.2629395,245.4283447,201.5323029,203.3965912,274.9470215,261.6843567,248.2527161,223.3466492,203.3322754,198.2654877,194.1021729,244.6544647,206.4924164,208.83284,177.6311188,240.5640411,137.6513977,255.3075562,205.0952301,187.8165741,261.48349,225.3390045,374.0582581,235.5104218,168.7720184,247.4580841,297.7818909,137.6859131,247.5696106,247.4401093
15020010,407.9949951,384.2825012,324.585144,333.1074524,345.7094727,367.083374,401.9003601,434.1658325,374.3018799,389.3983459,412.1739502,444.6919861,312.1977844,329.8547668,363.8792725,339.4758606,334.6217346,381.7384644,404.311676,404.3874817,394.0664063,379.1130066,393.5763855,412.5571289,456.5578308,526.8740234,524.7160645,493.9412842,454.811615,453.9586182,433.0381775,302.427002,415.3797607,388.8562317,565.5782471,397.8349609,391.8398132,340.4125671,336.4732666,354.7732239,440.624054,395.2662964,334.7131348,348.9341125,271.6288452,364.4497986,383.9850769,311.6739502,351.6365967,271.0257874,419.0232849,248.079361,416.8253174,358.9246521,340.3675537,430.3521729,349.122406,576.4153442,397.4509277,290.3512878,381.3468933,431.8348999,261.1468811,399.8964539,462.5082703
15020012,200.084549,191.8510437,210.3173065,221.0813599,193.9850464,236.4272156,217.1698608,306.5711365,242.732193,223.2767944,265.5814514,250.168335,197.0699158,182.0199585,221.3813324,246.3863373,186.5684509,195.5687103,177.4750214,204.2944031,236.0827789,235.9213867,254.9711761,258.9242554,309.3583374,324.1960754,232.5137634,307.6743469,264.7002563,297.4439392,264.8606262,132.613266,229.5495911,209.9442444,328.7716675,258.5298157,222.0997314,218.3261261,185.3297272,271.5272217,271.5892639,237.0684052,209.1219482,194.1069946,186.1694336,203.7679596,282.5296021,222.2614441,183.2346191,176.6422424,227.0358124,144.3209686,276.275238,201.8173218,185.9745941,269.2645264,211.0348206,354.7140808,221.1565552,162.6162872,215.0204926,236.7563782,110.5990524,225.8224945,235.6339264
15020014,217.4487305,223.2663422,196.3235474,202.7011566,192.4502563,218.4477692,250.8641205,278.3220825,210.0476379,210.9130249,263.8074341,243.8904266,176.9855652,188.7767334,231.7767792,229.7592926,191.8229218,209.2857971,198.699234,224.4813843,232.9335327,235.1413269,242.5080414,245.415451,292.5829773,304.5142517,275.9297485,299.4629822,262.5185852,284.7929688,262.2829895,144.1489563,230.4877625,198.2639465,344.6362,255.4964142,229.1588287,200.4261475,186.0840759,252.4457092,253.8918304,226.8121643,199.5241089,182.3668365,177.1282959,190.5342407,263.6937866,206.081604,184.7775421,160.0836792,228.1879272,123.2877808,256.4130249,195.7776184,185.2544861,250.0013123,212.20755,351.0379944,222.9105988,149.3735046,225.6392822,287.8064575,111.0632401,247.9152527,219.2121582
15020015,444.8246155,362.953186,385.0476379,354.3407898,338.1677551,392.2832031,382.0811768,495.1028748,368.162384,432.6733093,367.9537659,422.7069397,374.2279053,347.0587463,367.9676514,326.1067505,327.1868591,367.0511475,389.4807739,390.04599,341.3088684,356.7547607,368.5247803,455.8717346,432.2138367,513.7165527,434.270874,452.5630188,472.0565186,461.7896729,419.2161865,275.174408,471.9776306,403.4536743,506.3432617,377.4229431,373.4961243,361.2851868,332.2240601,396.5688477,463.1379089,402.4466248,318.0501709,319.4907532,244.1213837,372.897644,429.1884155,336.5872498,351.850708,293.7428284,370.9882507,259.9888916,418.7053833,357.9016418,348.4285889,423.575592,326.8994751,561.9168091,384.1813354,278.2639465,352.9975281,424.8687744,241.8007965,411.6950073,422.4199219
15030202,387.2784729,353.5753174,313.9456482,308.7672119,255.625061,344.5479126,307.3728943,575.404541,355.050354,367.2106323,393.2039185,387.196106,369.1482239,340.7949829,358.6677246,338.8074646,312.9006348,241.8050995,376.677124,324.4139709,547.7825928,421.2472229,390.7540588,377.0264893,466.2898254,504.0170898,424.8346863,422.3763428,417.0359802,414.4307556,374.9295654,243.2805939,468.840271,435.2666016,521.432373,359.4408264,368.3177185,330.2141418,258.9588318,351.6603394,408.7208862,294.673645,277.3102722,267.824707,155.9766541,315.8865662,460.6842346,367.4450989,229.0639801,319.0089111,335.6263123,241.8894196,356.3096313,277.8763428,394.1790771,349.8422241,303.9032593,441.6105042,354.3448181,270.3831177,341.9476318,453.3227539,211.8265991,347.9857788,331.3467102
15030203,379.7116089,368.1734314,302.2469788,316.2640076,264.9881592,343.5719604,315.6420288,581.6194458,362.4136963,382.0281372,397.9891052,384.391571,377.5648193,325.4581909,360.478241,342.0786133,327.3426208,228.2152863,376.2683411,318.9456482,568.9415283,414.6140747,391.0484009,387.0918274,491.5389709,518.4020386,426.5831299,432.6931763,427.5006714,431.3256836,370.1714783,251.9906158,460.0139771,443.3603516,541.7213135,387.3575439,368.1365662,344.7783508,260.0042114,353.0904541,426.1641235,301.6564026,292.0310059,273.404541,167.4228821,326.813446,454.402771,365.3384094,239.2759552,336.4797363,352.7615051,250.8116608,371.6643066,283.6973877,362.2584229,372.427124,317.2610779,442.6095886,361.1072388,263.4020691,336.8272705,491.8192749,231.4413147,412.0427551,330.9072571
15030204,214.3882141,247.1920319,158.4039764,157.8363647,136.676712,207.7078857,146.6397705,362.4733276,214.5395355,230.9705811,185.6210175,219.0479431,203.632843,169.207016,206.4937897,206.0666809,189.1903534,117.6126862,234.8547821,215.6251068,437.9157715,264.4498901,248.7465363,209.234787,301.0297241,316.6845093,299.1061401,263.0361328,256.2132874,239.1358643,245.2697296,135.9536438,254.1230316,265.9546204,401.7477112,248.5831451,274.2997131,187.5691681,140.9741058,226.3035889,238.9326324,162.3297577,151.0214996,164.6328583,84.39178467,181.7469482,294.3002625,216.6858215,102.9591446,170.4885712,163.9838104,152.3498535,190.5029144,155.6190033,226.3014221,203.9661102,174.3736115,246.3564301,209.1833038,160.1613159,204.8180695,321.0194397,134.1261597,151.8195648,154.1506042
15040007,490.241333,478.8261719,394.3344727,460.1800232,413.9236145,420.3266907,476.735321,512.9282227,462.963623,444.5969849,554.3081665,405.9365234,356.6167603,411.846405,448.9334106,461.4780884,418.8453674,396.131897,403.2618408,455.7109375,673.3729858,481.0413208,493.5721436,453.8641968,622.4399414,763.355896,611.8754272,563.7241821,548.7186279,496.7327271,471.1415405,320.569519,517.5161133,536.8877563,679.4117432,466.171936,506.1432495,414.3335266,408.3402405,406.5158386,471.5456848,371.9920654,469.3981018,436.0822754,271.7173767,396.9117432,482.8809204,386.9957581,415.6105347,433.8013611,493.8688049,349.9483032,473.4882202,443.2229004,372.6833496,442.2746277,413.8395081,625.7295532,479.375824,334.6824951,468.7102356,612.0559082,286.6104736,580.0068359,453.5627441
15060101,591.1833496,506.1889648,418.5675354,490.0275574,494.0385742,461.6144104,534.9158936,530.1529541,493.7506714,482.1902771,551.3016357,491.6543579,387.4929199,450.5686035,498.1155396,456.6091919,440.6545715,488.5596313,443.9197388,547.7822876,555.9364624,483.8703308,517.4724121,503.4146729,589.5574341,758.00354,658.8068237,588.2764893,576.9974976,524.791748,561.5402832,350.7094727,511.6053162,525.9968262,650.6912231,459.5248108,527.380249,427.0166016,481.8489075,482.1565247,556.8100586,484.9478149,454.4474487,505.1844788,422.4116211,436.2496033,483.1907654,403.5188599,494.2976379,468.4862366,555.1550293,375.586731,517.7488403,471.4742126,435.0968628,504.2106018,463.5305481,710.4505005,528.1868286,431.6730652,513.3834839,599.3276978,309.5741577,565.7634888,538.1538696
15060102,588.5267944,521.1039429,415.9369507,495.2151184,475.6496582,467.710083,555.3970337,538.3591309,468.3238525,498.3956299,555.4703369,528.2609863,401.9433594,464.2036438,489.5231018,449.0166016,459.6668091,507.1145325,481.5959778,569.4336548,559.1868896,470.4364319,526.2437134,528.1693115,601.4630127,719.0839233,687.5877686,578.4833374,589.0179443,521.7844849,555.3445435,376.1659851,521.6630249,510.4970093,664.2792969,459.718689,550.1130981,431.1566467,472.305481,492.3861694,546.8967285,490.526062,465.1287537,512.8277588,436.1631165,448.2574768,497.1880188,396.8942566,486.2110596,455.1246338,542.3106689,373.3877869,501.2634583,481.8728027,441.9185181,520.036499,465.773468,721.2051392,542.0396118,418.9613953,512.8128052,591.626709,326.9059143,566.5009155,593.206665
15060103,494.9873962,472.3412781,408.7638855,412.2002563,405.4017944,443.35672,480.7381897,541.8355713,473.4396362,442.4615479,594.4637451,475.8138123,390.8181458,421.310791,444.4179993,456.4664001,453.8919678,424.9649353,455.444458,459.5174866,654.7595825,490.0389099,499.2481995,474.0722656,633.5610352,742.5476685,642.3499756,601.5050659,558.0511475,542.1980591,502.7147217,368.289856,539.5134277,545.4508057,715.1952515,493.1398315,511.5077209,446.1877747,397.8345337,414.6554871,523.5715332,402.4568176,471.4788208,473.422821,267.1262817,438.9867554,494.7331238,387.4266357,417.2108459,394.6799927,527.0753784,361.9578857,490.9361267,439.4729919,392.8496704,492.5788879,421.9421997,653.0980225,496.1960754,349.5889282,481.1888123,606.8024902,318.1139832,557.0119629,483.4814453
15060104,521.9420776,475.8033142,384.6690674,424.9373474,408.2707825,416.9040527,497.3792725,492.8580627,408.4700317,421.7365723,521.3620605,496.6248169,365.3924866,417.3196411,447.1878662,417.9421997,411.6692505,470.8835144,439.719696,502.1016846,555.6552124,460.0936279,495.8921509,478.9969482,594.5945435,663.8845825,643.6588745,559.2973633,540.7809448,510.06604,513.5625,343.4485779,477.2892456,493.5982666,658.9824219,438.0666504,509.9020386,397.4375916,408.6320496,430.3686829,505.986969,437.2498169,451.4518433,461.9048767,339.5673523,413.5295105,472.2286072,365.7160645,422.2770386,382.1817322,483.1590881,324.6538696,453.3035889,429.5491333,392.3939514,482.0119324,417.1018677,665.1014404,485.663269,347.3239746,480.5755615,562.2020874,297.5736389,522.4536133,495.1488037
15060105,508.7990417,461.8337402,421.577301,408.4170837,415.2447205,467.4313049,473.5342102,610.3413086,491.7592468,454.8808289,572.0089722,484.8506165,431.7802734,407.9501648,438.2921448,450.6357117,475.3692932,415.5675049,485.615387,451.3948364,634.8699951,488.7931213,481.2609863,503.9859619,640.1685181,761.6983032,621.4405518,617.0575562,575.2383423,570.9874878,545.9233398,391.8002014,587.9209595,569.0969238,726.618103,510.458374,507.4404602,472.0441895,391.4024658,441.6777954,583.203064,409.0999451,464.2498474,471.5447388,251.4632874,473.3303528,518.6051636,385.2946167,412.9654541,391.8019104,542.1092529,385.4862366,521.9013062,439.3180237,407.2192383,526.0690918,425.6738892,654.9118652,506.1054077,359.8317261,472.616333,605.9492798,343.9749146,625.4274292,508.3305359
15070104,195.5051575,255.4592896,147.2912292,188.0683289,151.5800323,206.4431152,188.2762299,357.1955261,225.1233215,262.8553772,227.4788055,210.309082,219.4557037,163.9428406,209.1517334,190.0043182,205.3645172,124.5038834,247.5018921,215.3249664,439.5613098,248.8518372,234.6077118,194.6705017,321.0527649,322.7889709,328.5590515,273.8609009,244.2226563,257.2135925,230.1713409,146.1397552,251.1104279,269.0922241,396.3587036,274.8039246,261.6980591,195.2554474,141.8011932,218.9017181,251.3431854,165.735611,170.2074127,172.6962891,92.89469147,191.9524536,264.4237061,203.2057953,125.3167038,183.3051605,176.9230042,154.3279877,204.5833588,166.9803162,199.4929657,223.8343658,192.1050873,252.0131378,216.6746979,151.7057343,204.3675842,359.0930481,153.4399567,183.5136719,148.6188354
14080204,170.9642181,193.6472015,182.5876617,238.9541321,201.9556885,237.2763367,216.7062378,336.9772034,238.6319733,209.1970673,270.2499084,274.0196838,221.042572,192.7254181,225.9594116,259.4104004,200.4571838,183.5562439,162.1465149,201.2484436,252.3254547,245.2455444,245.6645355,246.8139801,312.4788513,339.2724609,229.2753296,308.2055969,308.470459,298.6741028,269.6243591,127.0341721,228.3253479,207.4003754,310.2247314,251.3576813,226.858017,213.0203247,186.9625092,306.0857544,264.3557739,242.6121826,229.0328217,207.1742249,196.0202637,208.2764893,259.3111572,239.2790222,196.3879089,192.4558105,231.6486053,153.9836884,292.7436523,212.6090088,175.3071136,285.3952026,227.2628937,367.2854004,233.8938293,185.2755737,222.5174561,248.3953552,123.5829773,212.7184601,249.4695282
15070102,383.9975586,370.1808472,311.2139282,323.4883728,282.6075745,339.9796448,339.8811035,563.1355591,386.6449585,396.0349121,431.1510925,364.7434387,364.2351685,304.6323242,358.4345093,353.1599121,353.8859558,253.2675934,393.1783447,315.5363159,582.6795044,407.3522644,380.8095093,377.6599731,502.0237427,567.164978,450.2784729,450.1577454,422.6961975,443.4057922,381.9341431,268.0499573,460.6063538,454.7539673,582.9803467,428.0801086,375.7187195,383.3371582,281.3158264,334.4067688,454.9558716,308.6842041,329.3078613,305.161377,168.8775635,362.2077637,435.8841553,351.582428,280.1954956,346.9523315,410.2831726,284.0615234,414.3080444,301.6700439,318.5220337,399.4906311,335.9743347,457.0069885,376.7079468,255.1710358,331.1299438,514.1502686,281.59198,478.7204285,318.1699524
15070103,311.3490601,340.5484619,237.6058197,281.9754333,236.6584015,293.5323181,297.1151123,513.1136475,324.1495361,349.5669556,366.2057495,313.4064636,328.8270264,262.5449524,301.6695251,294.7060852,310.7765503,196.3078613,349.2645264,280.513092,546.1461182,359.0321045,343.333374,315.0324707,455.2668457,475.611969,412.1077271,378.4213562,361.552063,383.2813416,330.5856934,226.6302185,398.7865295,394.2276306,516.012146,378.9032288,332.1865234,317.7789001,227.6938171,292.6197815,390.3799438,266.5587158,271.5809937,256.8184509,146.878067,304.4554443,382.19104,315.2244568,221.9028778,302.0757141,320.4804688,226.8375854,333.9577637,251.272522,288.1759644,338.243988,285.2479858,382.1546021,319.7556458,227.0131836,290.6576233,460.338562,229.3371582,384.1469421,284.2388
15020013,207.3766785,206.0075531,209.9997711,225.8641815,199.6598663,239.7684326,235.0019531,309.0162354,241.109436,223.3994141,271.8287354,256.2171021,194.8478546,185.4137115,230.0916595,247.6182098,193.6747589,203.8972321,189.004303,217.1586914,246.7487793,236.454071,256.9952393,258.6351318,311.0764465,330.9225769,253.6503296,324.7048035,273.016571,308.1886597,277.6609192,139.2360535,234.5683289,209.5393219,341.2559509,263.0157776,227.180603,223.4766998,187.942688,274.3877869,274.5175171,241.9326782,217.6735535,192.8536072,191.2059174,205.7586975,279.4548035,225.7429657,188.4317169,178.1178436,232.4278717,144.0260315,284.9833984,201.397644,189.0932922,274.990509,212.7969208,366.1083374,224.8034058,170.1296692,219.8091888,265.0510559,113.1376266,239.7563171,242.2699738
15030103,246.96492,248.7223511,179.1369476,146.2226868,124.8091583,199.7365265,126.1962967,341.9733887,203.5595093,213.5307312,179.1189575,228.9440002,195.820282,172.8332214,205.6996613,218.6222229,199.8013916,140.7229004,251.0263062,221.0905457,462.5484924,307.8754272,270.5759277,212.3935089,310.2775269,343.8513794,319.9443054,250.0779114,256.4707642,236.8129883,255.1136475,133.7956848,263.3138428,276.1551819,397.5411987,246.3095703,268.5420837,201.6320038,147.8530273,226.7830505,253.0860748,168.3296204,162.4239807,163.5708618,76.61171722,194.6875763,331.6323242,233.8030243,102.5201035,160.7879944,167.390274,152.2584839,198.1828308,151.5991974,276.4549255,181.4047241,165.7235565,260.5178528,204.5975952,165.8096466,207.1962585,295.59375,126.8506699,157.4197388,179.5346832
15030105,152.9812317,191.0920563,112.9701004,127.0401154,100.2221298,191.5119934,119.714859,280.9026489,157.8599243,202.9697876,145.9626007,172.7041931,162.3068085,125.8491364,164.821579,150.5706024,140.7929535,88.27950287,209.6856384,190.4257507,344.6038818,198.5942535,180.1153107,147.3640747,246.1608124,252.5649719,279.3542175,207.2149048,192.4443359,191.1911774,189.2435913,125.8260269,189.1439209,203.2357025,325.7058411,197.6659546,221.5740662,131.9784393,104.7471237,188.9626617,189.6218262,127.9059372,112.5250702,125.5552216,64.83666229,136.8493195,215.6375122,159.0092926,78.20783234,120.4573288,112.84021,111.4946365,142.6294098,127.6882782,167.3379211,164.5928955,143.6784058,196.3725586,165.991806,123.56604,163.8496399,263.9021606,112.35186,97.29742432,92.62382507
15030106,119.997879,145.4174347,92.47537994,100.1535034,74.07556915,196.1217804,87.28814697,229.8493347,119.7580795,176.3587646,122.2086105,159.562912,128.2374115,103.4209595,141.713028,125.9931564,96.68865204,66.09803009,216.4149628,187.6125183,297.1307068,181.8410492,146.5388489,118.7277832,214.4755554,220.7680511,243.1081238,166.4718475,152.618576,153.6215363,154.1262207,127.013176,154.6795807,169.8478851,281.6918945,170.6450806,193.8146667,102.0235291,86.05638123,166.7928619,152.5190277,98.39458466,83.16504669,101.1075745,48.70410538,110.1538086,186.072876,133.3752747,56.520504,88.11061096,80.96326447,92.13679504,116.0640488,107.6691513,139.6656036,132.2287903,123.3259964,167.3857422,142.5004578,109.812027,141.4814911,200.3099823,90.98120117,70.75967407,59.81145096
15040005,452.1760559,425.9598389,326.1165161,445.3885803,380.2626953,362.6277771,423.7473145,448.6842651,435.0592041,391.6639404,422.0832825,330.5708313,295.3239441,354.7019958,407.9473267,368.813446,348.8496399,346.7625122,332.7528076,436.8005371,533.6056519,422.2158508,409.3431396,404.3243103,517.7158813,682.243103,517.7609253,500.8452148,491.1467896,434.0207825,433.2277832,260.9789429,454.0390625,457.9136047,569.6152344,402.1283875,450.7365417,342.4963684,392.7763672,388.3201599,399.1412048,340.8382874,407.7073364,351.216095,279.3202515,322.2627869,426.2667542,338.2900696,394.3734131,416.010376,413.4255981,313.7254639,420.318512,415.361908,323.173584,366.4692383,386.1048279,545.1654053,421.1352844,318.4726563,419.280426,511.9784241,242.4960022,471.2514343,418.1152649
15050100,298.2296753,350.1095581,264.3185425,296.7911682,250.1998749,297.9981689,330.8751831,391.5986938,380.9312439,352.9411926,440.2458191,277.7367554,263.6282959,278.1424866,322.6255188,284.4265442,313.796051,254.3406067,292.9430237,292.0215454,563.3469238,378.1383667,332.4475708,290.6129761,450.6075134,533.7539673,476.5090027,423.9456787,369.8589172,341.9158936,315.7668762,234.7529755,408.4718933,381.1828613,533.8317871,409.2636108,369.6252136,318.5864563,253.0188293,259.6219177,350.4640808,238.0966797,331.414917,301.6942444,147.5075073,294.4507751,354.4485474,287.2227478,261.0372009,293.3470764,338.7557068,241.2156372,331.6542053,322.336792,249.6489563,314.8852844,297.7879944,387.6165161,333.4764404,223.2172546,323.659668,445.6851501,184.3599854,410.4498291,321.8363953
15050201,440.9771118,453.5195618,311.5597534,444.7563171,345.8384399,346.9535828,396.1639709,435.7469788,452.7752075,402.4460144,368.1700439,317.3492126,299.298645,372.1203308,394.4320984,326.5090332,351.1047974,328.6576843,333.5761108,485.9923096,494.3398438,361.4332275,330.973175,403.5298767,466.1716003,659.739624,535.1635132,509.0293579,476.0111389,419.8658447,444.9217529,279.8765259,482.2383728,447.0467834,541.7773438,363.9158325,425.9753418,338.3236389,380.0010376,390.6850281,357.6362,356.3214417,412.0222778,322.5545044,273.2655945,303.6148071,403.7743835,311.5892639,388.0984802,394.8456116,378.420929,305.7872009,422.383606,440.6030884,322.4720459,340.8078918,390.8952026,521.7886353,428.5714722,366.3118286,428.0705261,538.5823364,248.0940094,453.4855957,431.4895325
15050203,449.9408264,482.6132507,345.4473572,451.9449158,385.980835,394.9993896,461.4437561,472.3915405,496.661499,444.3112183,478.3993225,348.2945557,351.4020386,397.5896301,422.1497192,390.2026367,391.8621521,346.5933533,373.4130859,452.5052185,614.3878784,435.0364075,424.6794434,420.0863037,571.5463867,762.0800781,599.3282471,550.2683716,499.3354187,442.9014893,446.1063538,296.4977417,528.9440308,482.7365417,660.5994873,444.1641541,471.3092651,405.1246948,385.2142029,388.1240845,443.023407,361.8394775,448.7770691,387.0307007,248.0759125,367.4173584,454.3824768,361.6467896,397.9368591,423.2879333,428.6791077,324.2071838,459.6622009,493.291687,352.4992065,382.5610962,407.5409851,554.4004517,457.8675842,346.0698242,450.2886353,549.9778442,249.0319977,525.3128662,491.9744568
15050301,456.9728088,532.9268188,352.9946594,464.3530579,350.8426514,379.9385376,465.6742554,435.5744934,548.1966553,475.1145935,435.9918823,362.0952454,378.1522522,450.2966614,410.3837891,368.3143005,412.4718628,356.2118835,387.2297058,496.0742188,606.9979248,385.4725037,397.3513489,412.0995789,523.1846924,759.3371582,645.8632202,529.2943115,500.8012085,419.0339966,454.957428,312.7221985,567.9528198,442.2954102,632.0327759,425.0864258,437.4128113,386.5606079,371.5909424,367.6877136,436.2775269,397.7963867,468.5220947,374.8475952,259.217926,400.6757813,403.3160706,329.8827515,412.1700745,398.594635,417.4008179,314.4640503,462.4771423,519.5231934,370.7617188,376.0839539,423.6864014,549.2213745,471.7211914,382.7502441,473.1051941,586.5518188,240.5975189,440.25177,420.1221008
15050302,474.3493652,523.0285645,343.6394958,463.0091858,375.9431458,385.7731934,468.2771912,457.8935547,527.7393188,469.5187988,429.7246704,349.056427,371.8644714,436.1593628,427.7808228,370.7393188,407.7426147,350.5137939,387.0175171,496.0267639,594.2498169,393.2250061,401.5547791,419.67099,544.1795044,748.5164185,635.354187,539.7357788,499.411377,428.7946777,464.8027344,307.3895569,564.1138916,457.288208,643.5703125,431.7836609,454.7269897,397.3253784,387.2246704,381.2520447,440.2498779,397.5026245,462.8128357,382.565918,261.8480835,380.6283264,414.72995,342.9580078,418.9689941,413.5734863,418.0960083,320.2072449,466.2827148,521.392395,366.6430054,369.4353027,423.6583557,552.6275024,469.3403931,378.8860168,469.0383606,554.1659546,243.670517,466.9203796,466.532074
15050303,199.9296265,288.977356,177.3312836,236.1241608,176.5714111,210.4764099,257.8761292,299.6938171,267.6929626,289.2756042,288.7910767,194.460968,204.8185577,209.9122162,252.6939697,183.1310272,241.732666,178.4138794,231.3831329,224.2921906,436.7033081,260.6126099,212.3308716,193.3209534,336.735321,381.2377319,399.2174988,302.342865,261.40979,240.1551971,229.0474854,162.6347198,309.8465271,254.5453949,402.3000793,289.1604004,268.6664124,208.9207306,168.6376953,177.9516907,251.3190613,180.7827606,242.4602966,211.9455109,107.31707,221.069519,246.2380219,192.8597107,186.4541016,196.5085754,227.729126,167.669632,233.4620209,242.9893494,185.0026093,230.5735779,224.3436127,276.1412354,243.8712769,170.1425018,250.3833008,318.9145813,125.3221512,251.9918365,228.1453552
15050304,358.7744446,453.211731,298.2023315,400.3100281,295.0483093,323.012085,408.9284363,375.4692383,457.4085083,422.5653687,373.4787598,300.9138794,337.6310425,373.8843994,357.7197266,289.4654846,363.1128845,294.9758911,340.0951538,401.2327881,542.3555298,336.8988647,326.6310425,327.3096008,459.399231,643.6317749,580.1011963,436.9034119,408.6697998,337.878479,355.9995422,254.4261475,488.9013367,352.1034546,549.5688477,367.495575,371.3806763,313.3612061,297.255127,291.5015564,374.1557312,337.9207458,380.147644,318.5247803,199.8152008,350.4430847,332.4268799,272.5621033,344.3504333,310.2853394,349.0009766,260.3200378,376.4417419,448.9005127,312.9317322,321.538269,366.0296021,454.4750671,392.3278198,320.1092834,404.2909546,473.5322876,180.5980225,345.4363098,336.6943359
15050305,249.6157837,363.6494751,236.0097656,312.9446106,233.0372009,244.1277466,327.8040466,317.7308044,328.372406,345.9760132,299.121521,224.0613098,267.2158508,270.1037903,305.0672302,210.0407104,300.3031921,217.7562256,285.7183228,295.9522705,461.349823,290.9660645,238.5026703,242.0053558,384.2797546,484.6932373,472.2919006,337.2566528,298.5712585,260.216095,263.7528687,189.6094818,381.6331482,275.4782715,447.7463379,302.6235352,300.1733398,240.8190002,216.0888062,217.3620758,291.2672119,244.1619415,291.8346558,249.0606079,144.7783203,272.7084351,264.4417114,211.537323,249.9907227,227.7710114,269.0921021,198.6112823,281.4152527,331.9793396,232.7768707,260.5338745,285.1021729,347.4391174,297.9043579,230.3101196,315.1509399,347.4520569,132.4737549,250.703476,281.0829468
15050306,209.0833282,325.4933472,215.1743774,279.1208801,201.9376984,218.5727539,283.7647095,302.7477112,280.860321,312.8718872,273.1808167,200.5286255,240.3745117,216.7123413,274.0548706,184.0118256,263.9471436,183.6662292,265.006012,252.4427185,443.2830505,266.5585022,203.0994873,207.3486786,351.9040222,424.4432068,422.9421387,309.3877869,255.8730469,240.180542,233.8307343,162.9809113,330.2450562,248.3193817,394.7156982,274.9118652,264.8466492,205.5065155,173.7003784,179.1946564,259.4975891,199.5646362,249.827301,218.7403259,118.5512924,246.0763092,241.9770813,189.1898804,200.9434814,192.9338989,233.0798187,173.3711853,244.2707977,269.1190796,202.4886475,244.5225067,245.2194519,299.7375488,259.6783752,190.826828,271.8583984,353.2910461,131.3323059,223.591095,254.5482178
15060106,303.5357056,337.9315186,267.0459595,271.1410522,243.4897919,296.3009338,308.1900635,428.5920105,376.0162964,349.6412964,446.0244446,294.4992065,276.7998962,252.9452209,312.1470337,295.0071106,319.0827026,244.4038239,317.673584,272.7502136,586.3920288,382.3093872,347.0667419,290.2587585,451.2140808,518.2145386,455.2688599,433.0072327,369.3342285,375.4523926,327.6142883,247.8927765,403.15448,398.1369324,540.487793,425.2842407,360.6497803,334.8283997,240.758606,260.9951782,374.2919922,235.0057831,319.8162537,306.3830566,138.4938812,309.6188049,368.2498474,300.5108643,245.4547577,288.7467041,361.4073181,251.3032379,342.8124084,277.3113708,253.6236725,338.7069702,295.9826965,387.8094788,335.8795471,213.3071442,306.3254089,461.7506104,210.9029541,410.617218,282.0100708
15070101,150.8906708,244.5066986,139.0202179,193.4511566,143.1624603,167.2684021,206.513031,280.1362915,205.411972,251.3969879,222.662674,165.673172,180.3938293,148.9823151,188.4609985,150.1879272,191.8818817,132.4512787,210.0340729,186.9723511,389.2143555,213.7636566,169.4940033,153.6220093,286.8930969,304.6604614,324.7444458,244.2338257,196.3518219,210.1108704,186.7056427,127.8694916,236.6195526,209.8327789,334.0514832,238.7189331,212.2076874,157.735199,121.048584,141.9416046,208.4218903,136.3644714,178.6259308,163.2926636,83.76354218,188.2240295,205.5382996,159.8413696,129.11026,152.8752136,175.7420349,136.8505707,189.5112762,169.4270325,156.6769562,200.6574402,176.8452911,218.5690765,196.2679138,131.377594,184.4963379,300.8928833,110.8886795,152.8677826,152.1311798
15070201,98.224617,140.686615,88.86322021,113.770401,84.69293976,185.6347046,111.4773941,209.3033752,109.7943115,197.657486,119.5816422,143.0973663,121.1396637,108.1453247,136.708786,110.8478241,101.2681274,73.73191833,204.222168,174.3816223,276.7147522,170.7763824,114.2126007,107.3570786,206.1580353,215.6656952,226.2303925,161.3935394,120.7135315,146.9047699,126.3167419,126.0888672,144.7874451,150.6038055,243.5495605,162.4289093,173.0163422,88.73744202,74.54451752,139.293457,147.3717041,87.74945068,95.33377838,95.39331818,49.94540024,111.6496124,156.0341339,114.7258301,62.77752686,82.33094788,80.67777252,86.86889648,117.6806793,112.9027863,116.5157013,132.643158,123.4460144,164.0323639,137.4691315,95.03451538,133.7445984,214.4831543,93.69967651,85.42879486,64.29444122
15070202,145.0030975,244.5151978,155.3043976,200.4352264,145.309906,179.829071,197.2698059,254.6569061,191.3235016,257.9176331,179.298111,160.5387573,176.1582336,140.2020874,184.2224426,138.0356445,174.7082367,122.4887772,212.1680908,199.2054749,356.7553101,205.3547821,136.3988037,151.5978546,264.1282959,311.7441101,319.1368713,230.0007629,163.4283142,186.2164612,166.6172485,142.4949493,215.091629,179.8669586,290.4969788,215.7441406,201.0336456,123.7333298,104.3262177,137.0375366,186.5687103,124.9681244,163.8350525,145.7367554,75.16525269,174.5890961,178.2729187,138.9157257,112.9892349,118.6617889,140.7701416,118.3557053,167.9716034,173.2180939,146.2266693,184.8490143,175.3043213,215.6253662,182.8647614,126.2960663,177.3188324,285.4049377,95.19658661,130.4448395,129.5508728
15070203,125.8014297,212.1713257,137.9585724,176.200058,129.073349,184.2391968,165.271637,226.8495941,156.6069946,232.6773682,142.946579,148.1660614,155.1537018,125.5021362,170.683075,122.7406464,143.5520477,100.2891388,206.2728119,197.4038086,311.3967896,186.7590942,113.4554291,133.1995239,231.7316284,283.7166748,274.2327271,193.4642792,132.6949005,162.0232544,140.4233856,150.9211273,183.8001404,157.171051,251.5579529,187.419632,184.0201721,101.9072189,89.80240631,131.3549042,165.065918,105.5514679,140.0066833,121.9347534,64.22110748,147.9885406,160.9060669,122.459938,93.39321136,94.92195129,109.0934448,100.2795868,143.6235657,155.1069489,124.9814377,158.409729,157.6019592,196.2355804,160.2357483,111.966774,157.9225311,247.1099701,86.77280426,114.364563,100.1910629
15030107,45.23899078,67.17826843,42.47040939,67.19064331,43.42193985,129.1648712,55.47409439,132.2505341,44.18763733,118.3962708,67.7126236,101.1987686,66.14490509,69.92965698,94.93280029,75.52138519,48.14349365,37.29664993,147.0312805,141.6331787,187.6272583,140.6535034,73.58478546,69.74464417,153.5413055,146.773407,132.4458008,83.85774231,57.70049667,89.71024323,78.1529541,95.23071289,85.23777008,100.3322144,165.4416504,110.3286591,116.0590286,49.62572098,41.97684479,90.84619141,80.16557312,39.40103149,49.38473129,51.50379562,22.51925659,59.38191223,109.0414352,81.99945831,25.40456009,42.55660629,41.65226746,57.41511536,77.60157776,65.8393631,73.42349243,70.66909027,80.62702179,100.8327789,90.81143951,66.66989136,84.97759247,130.5070038,89.25756073,58.33522034,25.79470825
15030108,46.78672028,69.05422974,42.94805145,65.89797974,43.39858246,142.2435608,58.63896942,129.4691925,44.44040298,128.7840881,73.86839294,105.8139648,70.94442749,80.28498077,105.2153244,81.30876923,50.75923538,38.85965729,161.1734314,141.3869476,192.0474396,146.7181549,74.26156616,73.37345123,158.2274628,159.2994995,138.2869568,89.56403351,60.60111618,93.13150024,76.50682831,100.7106094,91.95893097,102.9931259,164.5856476,113.39505,119.4446487,48.57868195,44.38463974,90.71884918,88.79105377,43.95626831,56.04192734,55.8635788,24.08771133,67.30210876,111.9609985,84.62324524,29.36479378,42.81520844,42.80965805,56.5856514,81.02740479,73.78746033,75.3015976,76.59650421,83.96801758,108.4740524,93.83162689,70.21340179,91.91879272,133.5345917,84.88530731,58.39020157,31.47695732
15050202,448.4334412,503.0030823,325.6952209,439.7104492,327.0827332,347.4139404,414.8700562,426.6491699,481.3518372,441.7677307,360.2753296,336.1147461,327.1975403,419.3336487,391.5457458,332.0648193,371.7427979,332.4319153,348.6768799,499.7865295,516.1945801,338.1480713,341.3426514,385.9439697,463.266449,652.5394897,591.6126099,490.3583069,474.7123718,398.6748352,447.1498718,294.2804871,518.109436,433.7503967,562.621582,370.1085815,419.0387573,347.1516418,371.239563,376.3384705,358.0979614,386.9434814,436.1076355,339.8424377,269.159729,331.7074585,375.1880188,308.9868469,393.3850098,391.5626526,376.661377,302.2791748,432.0342712,460.8556824,341.2118835,341.6965332,391.6287842,519.7400513,441.7800293,395.6936035,433.4624634,534.4196777,238.0066376,461.3059082,418.7292786
15080101,254.1222534,389.7904053,274.7391052,339.5354614,235.7510223,249.4717712,317.556366,313.7199707,340.6213379,349.9273376,277.9273071,227.7100677,288.282196,257.2292786,294.489502,211.4430389,292.0209045,208.9796295,292.9107056,312.6585083,466.3996277,283.1931152,221.1918793,248.9098511,369.3769531,522.4664307,470.2650146,338.8826294,287.0035706,257.9792175,255.3575592,184.5236816,375.0116882,262.9489746,416.444397,294.5591431,284.1097717,225.3804474,201.9818726,204.9976959,287.3037109,237.5038757,281.5553284,240.6387024,141.8742218,285.7819824,253.3279419,204.798172,237.0798035,210.0992584,254.4256744,191.0035553,276.3005371,325.9327393,234.0920258,262.9976807,284.5556641,346.6812439,292.9310608,234.9328918,308.8285522,380.2584839,141.5099182,228.8011169,277.9169312
15080102,178.3663177,311.7915039,212.1790466,262.828186,184.9489288,202.2888336,231.7192383,255.4575348,240.7692108,274.9222412,192.2870331,174.7928009,215.3935394,176.4714508,228.0551758,155.3325806,209.6088867,140.7984467,232.6334534,249.4797058,385.9432678,228.0547485,150.1799164,179.9848938,286.6316833,403.6973877,362.3151245,258.1630249,191.7711792,197.561264,183.1685333,175.7126312,258.9134827,196.2144775,303.007782,238.4367828,223.212677,147.3032532,128.3214417,153.1916046,209.4168701,146.3714294,203.3518982,166.4420319,90.3098526,202.4507904,196.7980347,156.7565155,143.4590454,129.7155914,161.5726624,132.0676117,193.9656219,222.0873413,162.0911102,196.7620087,216.0239258,260.7504272,210.4631348,161.1119537,221.921051,293.3349609,111.1989517,163.0019073,149.8858948
15080103,104.2534256,179.781662,116.5722885,149.1807098,113.0113525,180.4105988,132.2388153,197.084549,119.2054214,204.332489,118.8284073,141.7462769,132.942276,116.3818512,161.3736572,111.7058563,116.766571,79.24649811,198.5064545,194.4532776,276.083313,176.2418823,95.08843231,114.9240875,204.5320435,258.9338989,228.5313721,153.3008575,103.1095505,137.651123,114.9612045,146.5992737,158.5567017,139.1956482,221.1743469,163.6772614,168.0490112,82.16895294,75.68210602,119.761795,143.6521149,85.19689941,119.8782501,102.3474121,52.53965378,122.6584778,149.3940277,109.0956116,74.52508545,76.63095856,85.4041748,85.4617157,123.6009674,135.4301758,107.5311737,133.3562164,139.9225769,176.2021637,140.6062164,100.5196838,138.6232452,203.201004,81.63329315,97.96986389,85.41766357
15030101,174.4958191,168.3790131,126.2816467,94.26670837,81.00508881,135.4187775,70.87995148,224.8398438,125.4023666,140.7553253,111.9090958,157.3584595,128.8513489,104.5819855,133.0831757,153.6265259,134.7831573,98.86621094,178.0310059,161.6966705,335.9031067,222.5935059,193.0628815,142.5876465,215.8058929,235.4704742,232.1108246,146.1831207,167.1593323,162.6932373,164.6447601,92.52494049,167.4562836,190.97052,295.3447876,181.4761963,197.1024475,142.4096985,100.9623642,159.0642853,178.8569794,108.1232452,107.7117386,109.3555908,48.00245285,139.5247498,235.6520538,166.1548309,61.49016571,102.2113876,108.8007355,106.0621185,136.6689606,97.90697479,193.3886871,115.0428848,112.1580658,172.272522,133.8943634,118.9270172,145.3368683,226.5828857,84.91474152,95.79066467,91.38070679
15080200,469.7254028,598.2559814,420.3326416,526.3764038,352.065094,405.9165649,481.3659973,428.7558899,587.4438477,488.0361633,442.3293457,400.9832764,432.7593079,492.3669128,406.9337463,392.381958,440.1436768,373.1904907,422.4809875,517.8163452,634.559082,392.140625,400.0952759,438.4425049,526.208252,839.7221069,666.578125,516.5593262,520.7921753,430.2582092,471.5713501,321.987915,614.4420776,451.35495,661.1851807,428.0576477,434.9614563,393.1438293,372.5420837,374.245575,467.7368774,432.0661011,489.6167908,385.7567749,281.2810974,451.2106628,412.6495361,332.2744141,429.4117432,396.6858826,437.3710938,319.7601318,473.9232483,554.8769531,411.9796143,406.3634338,451.0440369,573.2539063,503.8571777,413.7898865,503.0811157,657.2199707,263.7097473,452.7321777,403.5232239
15080301,445.5465088,462.0192566,312.8497009,421.5687256,314.2284241,322.7166443,379.4780884,419.7605591,460.6950073,410.3642883,354.730011,318.4913025,290.9614258,387.2290344,394.7276001,313.4364014,353.2525024,324.0823364,328.5556946,507.7698669,474.7067871,329.3710938,302.9386597,393.6721802,418.3937378,602.1972656,550.3903809,484.2989197,473.8684692,397.4295044,441.1520081,288.968811,487.3570862,446.7568359,513.0876465,353.664032,398.3277893,319.8727112,364.7843628,374.6952209,315.309845,364.8913269,412.9685974,315.1598816,281.9872437,293.4706116,378.9019165,290.7630005,381.8091736,373.6683655,365.0732727,297.5898743,409.6373291,417.5688782,320.715332,339.2695618,372.1582947,509.9900818,425.4646301,408.1392517,410.1889343,524.6820679,249.7514038,398.4610291,416.4699402
15040006,400.8434448,359.0256653,274.1815491,379.8027344,307.2774658,293.5456543,333.4958496,381.6492004,369.6491089,325.7538147,309.2640076,266.262085,239.3490753,294.0122681,355.8046875,274.94104,298.4352112,292.3637695,285.7507629,421.2083435,422.4377747,310.6739807,269.7914124,358.5305481,386.5282593,549.3104248,446.8164368,447.2810364,422.5710754,371.009491,375.9436035,233.0402527,412.7876587,404.5098877,452.1417542,318.043396,369.4399719,279.2816772,337.3551636,349.9533691,294.65625,291.3846436,344.6351013,259.7132263,247.6875153,245.6083527,357.3005981,266.2931213,342.4546509,333.1285706,324.7145386,272.124176,357.7235107,358.652771,263.0909729,295.3287354,341.0620422,456.9693909,363.0164185,315.3914795,361.3776855,454.7756348,237.5779724,345.3092041,345.3276062
15030104,96.08050537,115.6406326,75.58654022,82.97470093,61.83810806,156.8056335,66.49115753,186.0301819,90.08488464,147.1022491,94.62350464,130.6325836,99.18376923,83.15415192,112.361908,105.9050293,77.39148712,53.74238968,182.2325134,164.4772186,254.3950043,162.0768433,125.6050491,94.55843353,181.877243,186.2552795,186.0544434,132.3672638,117.9263687,120.908226,124.6888351,103.3648529,122.7917099,143.6042023,239.2717438,146.1676788,163.1307831,84.04210663,69.55236816,134.3335266,120.1032944,70.09001923,66.25322723,80.60675812,37.28364944,89.65888977,155.3189545,115.4610519,41.79919434,69.73382568,65.59415436,81.69097137,99.78553772,84.97104645,111.7846909,99.93847656,102.8393631,135.5222321,118.4690323,93.58016968,116.7134781,169.8923645,79.03832245,58.47345352,48.4507103
15040002,416.2758789,354.2251282,293.2670288,401.5576477,340.259552,304.5647278,355.9309082,408.1242065,391.0274353,336.9236755,329.5952148,281.5515747,236.0446014,282.290802,367.045929,289.8974915,302.192688,322.4971924,285.3520813,395.3508606,439.282196,350.8684387,292.8742065,357.3963318,410.5218506,552.8936768,437.9843445,466.5230103,451.9821777,397.3746643,383.6662598,226.2985229,418.901001,415.7763367,467.0516663,353.5909729,387.4588928,288.9545898,360.4837646,366.3618164,315.0152588,296.1719055,340.943634,271.3437195,270.559021,248.402771,382.9825134,280.1767273,365.8519897,353.6999817,340.3907776,289.1727905,363.2228394,356.2874451,266.2117004,313.9127808,359.7581787,474.716217,368.6725464,309.2470703,365.4637756,426.0498352,217.520401,324.3422852,352.158844
15040003,474.9595947,387.686615,318.062439,436.0559082,368.0785522,339.0293884,384.8082275,427.3054199,404.004303,357.5513306,372.0233154,304.3244324,269.7621765,306.6275635,408.9721375,320.901123,337.0402527,348.8864746,326.3187866,462.9697266,460.5071106,354.7215576,300.4576721,418.7041626,433.4717102,611.453125,489.3710022,518.6852417,490.8308411,431.0412292,424.0755615,259.9117432,477.8518066,467.5346985,490.6169739,353.9498901,411.9512939,318.7463379,391.1653748,411.4344788,348.8284302,331.5436401,381.35849,293.6090698,289.8692627,269.7608948,427.4129028,305.9369812,402.9824829,379.1303711,367.3315735,313.248291,408.4366455,395.38974,294.8288269,342.1161499,392.8432617,525.588562,414.482666,365.4415283,405.0087585,492.8899231,306.6918945,356.7253113,395.4057007
15080302,447.8169861,417.8610535,290.8018494,381.8883362,302.8458252,302.7011414,360.900116,398.3909607,415.0214844,370.2442627,339.6014099,291.9928589,263.1846619,342.0187073,387.2405701,302.6116943,334.1633606,312.7944641,315.0826721,485.4086914,440.5926819,310.8962708,275.1856689,397.6114807,379.3509827,566.7493286,514.5151978,457.9444275,456.8573608,379.6054993,409.0203857,268.2860718,465.9057617,449.7670593,476.9696655,342.1234741,369.754364,294.4332275,343.6459961,358.9602661,288.1036682,336.9693604,376.619751,284.8500977,279.0831299,271.3822632,373.0856323,278.3243103,381.4132385,350.6878052,354.9425354,286.5582275,386.447876,376.5734558,295.9794617,338.2288208,353.3507385,489.644165,396.5767517,399.9130249,375.3323364,508.6790771,260.822113,356.8476257,341.5574951
15010002,347.795166,246.4485016,292.6296997,261.8406067,214.7367706,280.3659363,230.0593414,388.3975525,296.2391968,310.8626099,330.3303223,339.4117126,292.5505676,250.100296,291.479248,278.0968933,254.7157745,262.2887573,250.2733612,257.644104,410.1673584,340.3182678,371.1712036,356.644165,411.7605896,449.2640686,334.3686218,329.5072937,328.9727783,357.593689,311.0383606,188.0729218,321.7644348,324.109436,383.6116943,315.2675781,299.2342529,343.1905518,265.0512085,361.8835754,409.3961182,276.8078308,261.7232361,249.9883423,174.4085999,269.5975647,406.414978,312.5685425,221.4178619,247.9801483,270.7549744,189.8544922,332.7371521,251.6160431,365.4196472,274.96875,249.7770996,392.6678162,287.5435486,234.1863403,280.073822,384.2008362,157.5945435,321.37323,294.618927
15010004,405.601593,274.0145264,364.5417786,288.6953735,276.1984558,317.5256042,298.507843,453.2901001,331.1248169,348.0402527,360.9507446,391.7954712,351.2072449,295.5943604,324.8017578,297.3186035,280.8173523,306.8936462,285.9212952,279.2269287,361.6246033,331.6819153,371.3891602,406.3594971,423.1530151,503.6268616,301.8864746,382.4058533,385.5552063,404.8501892,345.6004639,213.6732635,390.7168884,376.1455383,412.3847656,329.8260803,319.0317383,372.8383179,287.2582092,383.1994019,463.2670593,339.0470886,300.0717773,293.6511536,236.6329651,328.0572205,444.6729736,336.3049316,277.3764038,263.0101929,314.9008789,214.0726624,380.2826843,291.6110535,357.1531067,345.3320313,292.2827148,471.679657,309.8952637,263.112854,318.6152344,422.3903503,189.5541229,368.8670044,347.23172
15010007,307.4950562,264.565033,227.4545441,195.1798553,156.7315826,233.832428,168.0830688,369.9203491,236.2810211,251.729599,242.0529785,278.3427734,243.7801514,221.3862762,249.8437042,250.3941803,230.2059174,187.1965332,280.0228271,245.9772339,468.7865295,356.8423157,312.6042175,262.6152344,355.2616577,391.4187012,359.6127014,280.7405701,286.3282166,291.3936157,272.3689575,158.6761932,314.9558105,313.1647034,397.8283691,271.7014771,276.0673828,245.5017853,182.406311,265.7104187,315.0852661,210.7127075,201.6884766,185.1213989,100.6233673,229.8786621,374.7599792,269.0126648,146.7587128,210.35495,211.6022797,170.7003174,247.3491669,184.1399536,347.0318909,215.0345459,194.9281921,313.5063782,237.3092041,187.2186737,240.6710205,316.7262878,140.7214203,229.3092804,219.8527832
15010009,356.6589966,230.421875,301.0297546,282.6510315,232.8694,301.7479553,240.5248566,419.2319641,300.2325134,362.045105,345.6958923,381.1330261,319.2412415,261.3489075,315.228363,319.6464539,270.0665588,288.9406738,235.5009918,264.3262024,436.2268677,363.42276,423.0980225,364.7904358,442.7260742,502.9730225,316.8496704,364.6044922,338.6741333,383.5054321,335.8109131,209.1386719,284.7553101,318.3868103,372.4301147,344.5115356,337.8837585,402.5128784,330.7835083,399.881012,470.8713074,271.7854919,301.4780884,279.1338501,186.2929535,277.6472778,396.4194336,362.2089844,249.9325104,234.7605133,288.2409058,186.0508118,377.105957,297.1929016,383.4978333,278.5978088,271.8662415,406.0357056,316.2613831,287.7875061,301.0935669,465.405304,209.5454407,327.2833557,276.8771362
15020002,319.5078125,318.9520874,221.4384613,273.5798035,260.5212097,259.0797119,339.3963928,311.6116943,249.69104,287.9300537,320.3385925,303.5070496,200.3097992,270.0350647,305.8499756,267.7815552,260.8503113,309.076355,280.8279724,327.0282593,320.0996094,303.8175049,305.4354553,304.3268127,354.1212769,384.6360168,438.677002,338.8957825,361.3380432,331.1742859,330.0308838,205.7107239,300.4494629,266.2070618,426.5384827,302.7854919,318.6147461,231.6249847,270.361145,300.0139771,308.2498169,302.4606323,276.948822,275.0543823,244.2022095,229.730072,280.7232361,227.8917847,266.7978821,237.0577087,289.6216431,185.7694702,278.2409363,256.273407,238.9309235,300.0263977,279.7099915,446.8526611,291.908783,213.1531982,309.532074,331.6101379,207.9298553,278.8793335,353.5757751
15020007,236.7816315,260.4803162,172.5901947,215.859314,202.8814392,216.1137085,277.4569397,262.2332153,192.9563141,211.6033783,261.5880737,236.4797516,160.3807983,208.0990448,246.6774445,220.2588959,212.0773468,229.8540802,212.9180298,253.9900513,253.6915436,244.745697,240.8838806,242.8188782,295.1489868,305.614624,339.0757141,282.7697144,284.0122986,271.7667542,273.3573303,151.25177,236.2177582,197.2542725,344.6512451,244.1947632,250.8442993,185.5414581,203.909317,262.3600769,244.8541565,238.731369,219.2156219,203.2090607,191.5259399,179.8845978,233.1936493,189.862381,204.4365082,176.7866669,230.2697601,133.0215912,229.2281342,202.0013428,182.2446747,242.4443665,226.0368042,361.0903931,229.5604095,157.5985565,249.8520203,279.3386841,148.1289368,230.4380341,254.2010193
15020008,319.1033325,300.0508423,263.0015564,260.363678,259.5512085,289.954071,313.8229675,357.1845703,284.0914917,299.7745056,317.5580444,331.3283081,250.5550537,264.6023254,296.4875183,272.2980957,259.7431641,288.9950256,298.1969604,310.1366577,296.0068665,303.5896301,303.1020508,335.3683777,361.1075134,393.7430115,389.7154236,368.3132935,360.6142578,366.5895386,326.2402649,222.4610443,340.1322021,300.3861694,435.7495728,321.9025574,305.8522339,266.1228027,262.3055725,294.8566589,339.936615,303.795929,257.7530823,258.1331482,193.6577606,268.7446594,321.4671326,250.9217224,268.0964966,218.7308044,305.0166321,190.6553192,319.546875,269.8236389,254.2434845,325.4021912,272.0428162,451.3006592,304.0447998,207.4941406,295.102417,354.2251892,189.5135651,321.1027527,316.7089844
15020011,217.6769867,241.4528809,193.0831909,224.8132172,204.4118347,235.5677338,263.5979309,295.0166626,222.1002655,216.4111938,275.6403809,257.4381104,184.8240051,197.5562897,240.2298431,240.7341309,213.6953888,218.819519,209.2956543,239.8568115,252.8527679,238.6638947,248.3676758,249.7456512,304.0446167,321.4454651,303.4638672,319.0065613,288.0292053,302.8286438,285.3404541,149.9132843,244.4055176,202.7423706,348.2213135,263.5621338,237.4875793,205.9956512,194.8671112,274.0785828,264.362915,245.0282745,219.4164734,195.2715607,195.7917023,198.1363068,252.7917175,214.9388428,200.7644806,173.7366943,240.5244293,136.0486755,268.6911926,204.206543,188.0431213,267.1417236,218.6707611,374.5324097,233.5015259,168.3416443,238.8892975,299.137146,124.9844589,251.2160492,246.7676392
15020016,279.834259,211.9554901,260.8989258,223.0557098,210.7500305,237.3806915,217.7823334,326.9512634,249.4002991,260.7602234,257.3332825,271.8211365,233.8936615,215.0411987,242.4667053,229.4908447,202.9104309,218.9350586,203.0955963,216.5054779,241.9945679,258.0074158,270.5975952,306.295166,313.0138855,337.487854,241.3180084,274.3172913,281.6917419,300.6190491,247.9425812,155.9644318,283.403717,261.7331238,323.0888977,262.9873657,241.1875458,246.0276337,210.6858826,272.6347656,310.3991394,249.2565308,211.039032,205.2786407,174.381424,234.0594177,318.1221313,232.955658,204.5139923,199.3363342,237.0091858,158.1269073,280.7651672,212.4526825,223.1329041,265.4241028,219.1700745,360.8014221,228.6961975,165.5762634,222.9353027,266.815155,133.9204254,233.4999237,251.5499115
15020017,198.5467529,180.1871185,202.7025299,198.1004791,178.8861847,213.3430481,198.5740051,278.8000793,220.8596497,209.2957001,242.1842957,227.7192535,182.9470215,172.589798,209.0920715,223.7020111,170.1365051,181.8223114,164.6195984,187.2660217,214.6319885,227.9863739,238.5262604,246.3288269,288.3554382,297.9805603,212.8562622,272.340332,237.8878784,268.3765869,232.781601,123.7122955,218.3141632,200.2275391,310.0141296,244.0601044,209.2004089,201.6069336,173.9691467,242.8441925,252.5579376,215.5257416,188.1207581,177.016861,165.1327972,186.7672729,268.7969055,201.7245636,168.7647552,161.5579071,211.5169983,131.3072205,253.1976318,183.8552551,174.2255096,239.6958771,196.492569,324.0882874,203.5237885,141.990097,199.4104462,221.7284546,101.5170822,215.7359772,210.0153503
15020018,191.4811707,162.8877411,203.0252686,191.9488831,173.3865814,196.3742371,169.8975983,273.250885,220.9931641,213.7727051,229.7737732,229.4717102,188.1591339,160.6074982,201.7560883,218.0281067,157.3714294,174.0646973,145.123764,161.2166901,216.5897217,228.6753845,251.8638153,248.6635895,279.8031921,306.8342285,172.376297,263.9879761,224.8990326,251.9161835,212.6003571,113.1294708,193.5924225,194.2516479,284.9739075,235.4501343,198.0127869,206.4502563,169.1068726,245.2378998,257.3004761,206.1543579,190.6029358,176.8296661,168.8281403,188.7801514,272.3676758,210.334549,161.2417297,159.7193298,198.8473511,133.5422058,266.7103577,180.3841705,170.130188,236.315033,196.1178589,306.6043701,197.9031372,143.3633423,192.2043762,210.4620209,104.328537,201.818634,212.1784668
15030201,343.7446594,312.302948,268.6385193,253.2299805,210.990448,294.8385315,246.5273743,485.6126099,307.6865845,308.3051758,328.1123962,338.4371948,309.56427,291.3447876,307.1008911,297.9997864,272.5474243,211.0861511,331.2409363,287.0230713,509.8509216,384.350647,352.7829285,323.4021606,414.1261902,454.2823486,386.6868286,370.347229,363.6712646,346.7213135,338.9723511,200.2784119,402.8368225,380.2619324,466.0227966,321.6864014,332.7495117,287.6234741,225.0600891,309.6889648,358.8371582,256.6681824,240.8191833,237.5671539,133.1582489,269.9793091,423.6294861,321.8328552,191.7188263,267.1765442,278.7573853,211.5575562,303.6413879,237.0408783,372.1566772,289.5124207,251.268631,383.2792358,302.7195129,235.1191711,300.1033325,383.4471741,174.9672241,288.0340881,285.329895
15060201,424.3847656,315.793457,352.0076904,314.9935303,281.3132019,332.866333,333.8308411,516.3861694,340.838501,341.1935425,415.9613647,414.8061523,389.4877319,346.1461792,365.3241272,335.0348511,308.2720642,282.2310181,354.8670044,319.2985229,423.6837463,389.1222839,382.1126099,404.1803589,463.5053101,517.6104736,366.2996521,406.3098145,425.4715576,426.1301575,349.1481323,238.9732208,469.6949158,430.902832,462.4885254,339.0526428,342.4828796,352.7683105,289.1877747,366.2752686,445.8218994,330.7041626,303.0426941,283.4655457,195.4615784,323.8084106,465.1219482,360.2016296,290.2078857,321.7473755,365.4610596,243.138855,394.7481384,297.3685913,395.1433105,358.9683228,305.9526978,482.7559204,351.5900879,269.0012512,351.8097229,436.278595,200.3166504,395.9474182,366.9343872
15060202,535.7402954,408.3511658,459.5591736,410.6654358,385.4831848,424.3206787,422.9310913,632.9223633,439.6233521,483.7948303,472.0665894,493.5915527,475.2637939,417.5008545,440.4169312,410.1553955,388.0912781,378.2211914,455.1485596,406.7864075,469.1766663,447.1783142,443.0280762,514.6465454,535.7145386,635.9915771,460.9629517,512.135376,547.5057373,531.4829102,460.4832153,308.0874023,576.7033081,508.4767151,575.62146,439.4592896,434.6658936,433.097229,369.0794983,452.794281,548.2250977,424.9862061,387.0671997,357.6474915,250.2835236,434.556488,523.0952148,427.2390747,386.4927979,387.7642517,465.0992737,331.6338806,504.0904541,403.6063538,414.4065857,479.6384277,392.5388184,625.2020874,442.788269,330.787262,412.3879089,543.2072754,291.6887512,548.7546387,447.532959
15020006,261.6104126,286.1523132,226.9421539,291.3928528,243.2691498,285.7657166,316.9179077,361.8108826,269.4906616,279.5807495,313.4930725,313.6477661,224.8276215,240.7972717,273.6669006,273.9375916,264.5673218,258.5322266,250.2593994,292.4976501,295.9873657,259.3911438,285.665741,299.9688721,349.8609619,388.004425,368.7691956,372.7434998,366.7561646,348.5351257,360.4594116,180.9050598,302.4213257,247.1107788,381.5699463,289.6085205,277.2871094,247.3950348,232.3818207,347.5014038,325.0585022,323.20578,268.668457,253.2768097,258.224762,244.4382629,270.3027344,252.8613434,256.7493286,232.6554413,287.707489,180.9598846,318.3764954,231.6687164,232.6184845,321.6617126,256.4858398,437.4049072,274.2095642,226.1942444,273.9778442,327.9874878,174.4092407,281.9445496,315.7901001
15040004,520.6207886,433.4657898,355.2019958,464.0664063,439.2494812,382.5618286,459.7829895,468.4459229,443.864563,419.5476379,447.0509033,375.3875732,298.9265747,374.3231812,459.4325562,382.0011597,376.4889526,420.5586548,363.5740662,480.99646,494.6243286,453.7999268,427.0441895,444.0617981,500.7973022,674.552063,529.2148438,538.6259155,542.9561157,483.2151184,502.1526489,278.1337585,476.0430603,472.9634094,566.5386963,420.3934326,468.7399292,352.0391846,448.8924866,445.433197,458.383728,411.4662781,409.0391541,397.8868408,371.7497253,335.6022949,441.1520996,356.1478882,459.7712097,442.9524536,457.2494202,336.54422,450.7354431,404.1053467,356.5819397,412.0284729,426.118042,608.4968872,452.0214539,377.4569702,455.3870239,515.1118164,258.8781433,428.7146606,418.3251038
15010005,288.6181641,224.9807587,219.6857452,182.6662903,139.0092926,213.2103424,138.7036591,316.6791382,209.4915771,240.2149506,220.2050934,257.3132019,220.9101715,188.7009125,235.9338074,229.8267059,210.3314362,186.0037384,249.0473175,228.7995453,433.4533386,336.8291931,299.8172607,246.2585754,328.0400696,355.931488,333.3891602,245.4533691,251.7383881,284.1149597,239.4353333,143.8299408,255.6205139,267.8261414,352.1229553,259.0494385,249.217865,245.072403,183.2806244,261.3330994,309.1912537,192.6353302,189.7524109,167.5074768,94.45787048,218.2596588,352.5174866,247.5669708,132.2797699,192.2746277,185.6648254,151.461853,232.1981354,170.6361084,327.1959534,192.5893555,176.7140808,285.278595,216.8436127,175.168869,218.0614929,320.0405884,123.4023514,213.6173096,171.3790894
15010006,313.3923645,215.9600983,252.4494476,218.3346863,162.8012085,239.8849182,152.1361542,330.5758972,229.4354706,294.2201843,247.2052917,297.0454407,246.9854584,202.7739105,268.5563354,259.5260925,221.2932434,221.5866699,248.7921753,244.8881836,461.0849609,332.5552979,347.6759644,282.9387817,356.6005859,386.861969,331.4442139,271.3417358,270.3993835,328.5401001,262.3257141,161.4199219,241.3360138,270.7944031,359.5345764,290.3155212,272.0810547,297.1777649,245.3307648,308.3163452,373.568573,210.4828644,225.1866302,190.0131836,115.2397995,244.7002869,362.473175,291.9102478,169.9465332,208.187088,209.208252,166.5926971,284.9203491,212.7350311,347.9002686,211.4633636,200.3615723,319.6877136,248.5265503,216.9812775,242.9112091,381.3809814,152.5254517,243.0526886,211.0512085
14070006,172.1186523,151.234024,186.5337372,181.1625519,156.1683655,179.2270813,146.0981445,258.901001,208.8187714,203.3241272,218.0344543,230.727951,184.8718872,153.6135559,196.430191,198.1596069,151.5623932,165.9829407,125.4499359,141.302063,220.1973419,229.9632416,253.679306,248.5541534,262.4523926,282.5431519,158.2715607,233.7326813,214.8153992,239.0509949,181.4346466,109.7873383,163.1690826,180.4314728,252.1875458,224.5134583,194.1013947,200.1710815,172.5808105,241.8548279,254.7097778,193.785965,190.2258759,185.3863678,156.5153809,175.3634033,270.9985352,210.7034454,158.9772034,152.7921906,174.3955383,116.3063126,265.0029602,177.0662537,168.8454437,219.7722473,199.3114777,283.7194824,192.4550018,142.5251312,189.3137665,194.380722,97.80187988,188.5157013,168.0524902
14070007,279.7670593,195.6242065,273.3911438,252.5155792,213.5159149,253.6430817,198.9026642,356.483551,272.1179504,326.7937622,264.4959717,318.1371155,255.3674316,209.1191254,262.1247559,257.2674866,208.9164124,249.0652161,187.7197571,180.4813232,293.0658264,237.4788818,338.3895874,345.9704895,331.7283325,379.2807007,240.4900055,311.2883606,289.4922791,334.6263123,257.7104187,178.7753143,225.4747467,255.3845215,327.8904724,269.4170837,260.4215393,327.0357971,242.9667206,352.2890015,407.0360413,269.9742432,258.227356,252.8843384,218.8490448,244.63414,351.2931824,294.0068359,212.0549316,205.3333435,221.6578522,164.9114685,333.2677612,262.563324,259.0559082,296.1479187,266.2337341,366.7278748,256.8426514,243.5973053,240.615799,272.5731201,161.9325562,247.4913025,208.8115387
14080201,168.9741516,189.5830078,190.2915192,250.5028076,218.2714081,229.7769165,193.2730713,360.5813904,239.614151,207.1203766,269.0101013,306.5306091,241.0379333,211.2481689,234.6195831,276.4595947,211.2856598,185.9863586,157.5316162,193.6155853,273.2511597,256.6721191,246.1735535,247.2595062,307.4139404,344.2511902,230.2177887,308.5466614,341.3909912,301.949585,259.9425964,137.6983185,237.3640747,226.003006,288.392395,263.9716492,228.2480011,236.2334747,208.7512817,329.408844,271.6076355,246.9331207,243.9704285,224.177887,202.4388275,224.5131531,257.4833679,263.1712646,215.3690033,207.6647949,239.184845,176.4756317,311.6549683,238.6289978,165.8669586,303.8303528,257.7126465,375.3230286,247.0956421,215.311615,228.7961578,255.5415497,124.061348,200.0567627,223.0710297
14080205,146.0258789,151.9100342,183.7739563,205.632843,177.4184723,202.4624939,159.0696259,294.7135315,238.7225647,196.097641,247.2635345,248.8064423,208.0062561,168.4674072,210.072113,237.253952,162.2680511,171.5577698,129.2125397,157.0340118,225.2580109,226.7740479,249.590271,242.7275085,279.4206848,310.9004822,163.4030457,270.6264038,248.6909943,265.800293,210.2702637,108.0366898,180.310791,184.8801575,273.3753357,230.4738922,204.3486328,196.5998688,172.4253998,275.8793335,245.899826,209.0233154,208.1450958,199.2811127,174.2870941,190.2804413,269.3007202,232.441452,176.17099,172.7490082,201.4673767,138.425293,278.481781,203.3464813,157.6158295,258.6646118,223.3083038,316.0487976,209.6124725,162.4766998,200.9987183,193.1243439,111.3272552,164.3291779,185.4198151
15010003,341.7538757,232.3856812,307.2967529,283.160614,248.8671722,301.166626,245.0579376,399.3128967,312.4901428,364.2671204,336.0864868,379.0929565,307.8630981,251.9150848,294.7850037,313.3472595,260.0173035,291.132019,222.2540894,234.8169098,366.5386963,341.0219421,411.7420349,384.505127,416.5118408,479.7894897,296.6239624,350.8047485,348.0012817,377.8695679,313.1788025,208.2171173,278.6680603,302.7928162,375.3301697,347.0956116,322.1954651,394.1598816,308.1576233,411.8178711,463.9682922,301.825531,299.802887,296.611084,227.1900787,284.3322754,407.9380493,359.0615234,250.8690796,235.6047363,286.0084229,191.666153,390.4916992,297.6318054,342.1805725,306.3502502,285.7454834,427.3657227,315.1629333,285.6604614,295.7905579,396.9810791,182.0084076,345.3684387,293.3651733
15060203,499.1028137,439.1129761,412.4079895,398.4642944,379.0219116,442.1193237,435.269928,621.9475708,469.3188782,468.4051819,524.1484985,460.6154785,434.0516968,384.4266357,431.3507996,422.7640076,444.8858643,373.0681152,478.7597046,411.9608154,614.9226685,468.6541138,450.8646851,489.4569397,595.855835,718.6739502,561.4363403,579.3770752,541.2246094,541.5461426,510.1724854,356.4271545,579.2321777,541.4747925,679.0892944,492.3854065,469.7505188,465.1175842,367.6913757,427.9547424,567.3497314,400.4729309,428.1551514,413.6550903,228.1848297,455.6592407,519.5497437,391.2061157,382.5816345,392.334259,515.8646851,361.0853882,514.6455078,407.9961853,390.9447937,501.6066895,409.1014404,612.0083618,481.9161377,328.710022,429.3198547,607.2369385,339.9713135,630.5952148,449.0855408
14080106,275.194458,296.9293213,290.8819275,395.7774353,320.5000305,403.5238037,319.4964294,506.2019958,388.6498718,359.8908691,395.8125305,411.2026672,387.881134,326.1190186,300.5105896,370.748291,335.0984497,286.3442078,269.9816284,319.2405701,330.7724609,287.0874023,312.066803,398.5413208,459.9230042,487.8224487,387.3547668,384.5845032,516.1945801,410.0142212,412.3465881,226.7485352,393.3845825,328.7998962,423.7290039,347.4578857,334.6639099,322.6912231,300.9741821,507.1600647,409.4284668,413.4958496,336.8283081,348.0614319,308.2236633,330.600769,352.2267151,317.7112427,329.427948,340.8235474,355.7958679,264.7149048,388.5654297,340.6008301,299.8583069,441.6500854,350.1566772,559.3942261,374.3686523,330.8505249,329.9973145,304.745575,228.1114349,300.8697815,463.6261902
14080105,188.6928253,213.3696442,206.3000488,286.9877625,236.6945801,270.4157715,228.198822,399.3912964,274.0270691,246.684967,300.356842,332.6691589,266.8346863,237.3643646,254.4646454,288.4266968,238.5326843,202.7476501,179.7613831,226.6806641,284.2518005,263.6993103,255.3314819,274.3768311,343.6746521,374.5650635,266.8551941,342.8432922,380.3673706,332.0611572,306.157959,153.8149719,272.8847961,253.7463989,318.9555969,283.3127747,247.471817,257.3517761,224.0458221,365.9235229,302.8659668,288.8136597,261.6655273,244.4248199,231.3978119,245.8240509,277.9407959,275.671814,233.5134277,235.586441,277.6440125,193.9995728,328.6957703,251.4389954,199.4417572,336.2609863,270.5044556,417.5505981,273.3770447,245.8194733,249.8176727,257.6049805,153.2719727,235.0227051,291.6756592
15010010,279.4710999,186.510849,237.4224243,212.419693,161.3883209,228.5483093,149.5999908,305.8923645,213.3379669,288.7007446,237.0679779,294.2128296,234.9108734,193.3718109,246.303894,259.6784363,208.2857208,208.8146973,215.8733673,220.1774445,418.120636,300.5091553,345.9702148,271.3968506,328.7179871,347.1938477,282.6965637,255.2287292,247.514389,314.6381836,243.4724426,159.003067,217.6833344,243.5330353,321.9824219,295.2295227,261.7104797,288.2286987,251.1845245,296.7286377,362.3195801,191.0608368,224.147995,186.6930084,112.4839249,214.0982666,316.0162964,287.6324463,177.703598,191.4941559,195.6078949,155.0718994,279.327179,213.9172363,317.8853455,200.1162872,194.4406433,304.6973572,242.553299,228.912796,234.5188141,371.2524414,145.3808136,224.9103851,182.5252228
15010001,287.8546448,210.161087,273.6940308,244.8224182,213.1018219,254.4341888,203.8439636,331.0645447,277.1000366,303.4972229,282.0087891,308.9847412,259.6490173,215.5133667,245.6513824,252.1894531,218.4081268,242.9181061,197.2857361,195.4918823,286.0108337,266.8953857,332.1374817,348.6112061,344.4614868,377.9291077,251.0629578,286.9221802,297.6779175,322.6521912,257.3774719,173.3926849,257.4184265,269.323822,327.9618835,282.0542908,260.2647095,303.8372498,244.869873,338.1809998,377.7600098,273.627533,249.7478027,248.8803864,207.4964447,251.224411,361.9376221,284.0075073,213.9710693,215.5054626,237.7728729,171.2346344,321.6821594,243.6766205,266.9929504,281.2668457,246.5566864,381.6269531,256.0380554,211.5513611,242.8564453,285.4811707,142.9927673,238.1799774,260.6848145