HUC8,YEAR,mean_recharge
14070006,1991,0
14070006,1992,18.984427001875776
14070006,1993,19.013224231112556
14070006,1994,0
14070006,1995,0.5555444046523171
14070006,1996,0
14070006,1997,11.137978155216075
14070006,1998,2.1158715698939488
14070006,1999,0
14070006,2000,3.7922375496010545
14070006,2001,0
14070006,2002,0
14070006,2003,0
14070006,2004,4.036542774706752
14070006,2005,23.32174757027748
14070006,2006,38.184488614261944
14070006,2007,14.023208913686075
14070006,2008,6.861331843818314
14070006,2009,5.738881383054045
14070006,2010,2.381013300145016
14070006,2011,1.3106294295912144
14070006,2012,0
14070006,2013,14.000560862679507
14070006,2014,0
14070006,2015,10.57838822351804
14070006,2016,9.190492012503958
14070006,2017,20.410904752298254
14070006,2018,0
14070006,2019,13.669756985707613
14070006,2020,0
14070007,1991,0
14070007,1992,34.2468713793051
14070007,1993,58.222766478980645
14070007,1994,0
14070007,1995,0.33267284420654913
14070007,1996,0
14070007,1997,0
14070007,1998,0
14070007,1999,0
14070007,2000,13.662088435774052
14070007,2001,0
14070007,2002,0
14070007,2003,0
14070007,2004,33.067792365070694
14070007,2005,32.730224642513726
14070007,2006,29.85177396687775
14070007,2007,3.7837114482803624
14070007,2008,19.542941127478485
14070007,2009,14.047808159147829
14070007,2010,35.69910123590124
14070007,2011,0
14070007,2012,0
14070007,2013,6.387840676461862
14070007,2014,0
14070007,2015,0.16775391451833235
14070007,2016,12.816338196040697
14070007,2017,0
14070007,2018,9.919526182366143
14070007,2019,31.854650007182187
14070007,2020,0
14080105,1991,19.893212978124506
14080105,1992,16.220243990638092
14080105,1993,32.201244174742584
14080105,1994,6.1436942258173834
14080105,1995,20.962203957715747
14080105,1996,18.473075758238224
14080105,1997,5.09960674807932
14080105,1998,14.301443583095127
14080105,1999,0
14080105,2000,0
14080105,2001,0
14080105,2002,0
14080105,2003,1.6833234566000355
14080105,2004,0
14080105,2005,12.324324936066583
14080105,2006,17.81859447887209
14080105,2007,40.55430393098836
14080105,2008,16.39284418699811
14080105,2009,0
14080105,2010,16.77833157573459
14080105,2011,0
14080105,2012,0.7390451465155453
14080105,2013,0
14080105,2014,0
14080105,2015,0
14080105,2016,4.840501087744721
14080105,2017,0
14080105,2018,0
14080105,2019,21.735098247547914
14080105,2020,0
14080106,1991,202.47022948579604
14080106,1992,87.17785326436605
14080106,1993,163.0080523060994
14080106,1994,52.366115472326065
14080106,1995,107.08965095977707
14080106,1996,88.24666501508224
14080106,1997,65.32182818611507
14080106,1998,104.36566336743516
14080106,1999,7.185805204871942
14080106,2000,20.149192993888654
14080106,2001,40.34547494851798
14080106,2002,13.908915981891848
14080106,2003,56.32608657923748
14080106,2004,42.911988188149365
14080106,2005,87.83778976849106
14080106,2006,92.29901954981837
14080106,2007,149.49241833403593
14080106,2008,117.86733194639864
14080106,2009,58.440399072379776
14080106,2010,132.1586840231187
14080106,2011,45.4871810494775
14080106,2012,38.86162573026306
14080106,2013,25.211850012706353
14080106,2014,9.340752459320687
14080106,2015,47.5830684235099
14080106,2016,33.14349589126931
14080106,2017,47.71419759908148
14080106,2018,10.228742966922162
14080106,2019,128.17407504740854
14080106,2020,2.499187971525188
14080201,1991,1.3256680557670737
14080201,1992,7.574103214626257
14080201,1993,18.945972108744165
14080201,1994,0
14080201,1995,7.775222389011508
14080201,1996,1.9710018993151388
14080201,1997,0
14080201,1998,0
14080201,1999,0
14080201,2000,0
14080201,2001,0
14080201,2002,0
14080201,2003,0
14080201,2004,0
14080201,2005,0
14080201,2006,9.038542877032572
14080201,2007,28.216688585122085
14080201,2008,0
14080201,2009,0
14080201,2010,0
14080201,2011,0
14080201,2012,0
14080201,2013,0
14080201,2014,0
14080201,2015,6.040640664206131
14080201,2016,6.496413040333733
14080201,2017,0
14080201,2018,0
14080201,2019,10.04117197682417
14080201,2020,1.6611009203413973
14080204,1991,13.916433402074462
14080204,1992,0
14080204,1993,7.221147789804672
14080204,1994,0
14080204,1995,4.84831726321657
14080204,1996,0
14080204,1997,0.5087380853837529
14080204,1998,1.9253411732588053
14080204,1999,0
14080204,2000,0
14080204,2001,0
14080204,2002,0
14080204,2003,0
14080204,2004,0
14080204,2005,5.0567207282930955
14080204,2006,6.281349473973106
14080204,2007,12.83406223548707
14080204,2008,0.24370996207779297
14080204,2009,0
14080204,2010,0.2180809987855705
14080204,2011,0
14080204,2012,0
14080204,2013,0
14080204,2014,0
14080204,2015,2.0226527483820753
14080204,2016,2.2227974446357215
14080204,2017,2.1282851386234007
14080204,2018,0
14080204,2019,1.7047291331226926
14080204,2020,0
14080205,1991,8.727319833431478
14080205,1992,1.7408004496390481
14080205,1993,19.342181989375373
14080205,1994,0
14080205,1995,4.613963088174489
14080205,1996,0
14080205,1997,0
14080205,1998,0
14080205,1999,0
14080205,2000,0
14080205,2001,0
14080205,2002,0
14080205,2003,0
14080205,2004,0
14080205,2005,19.905417376522998
14080205,2006,23.370394123688584
14080205,2007,9.043304835181504
14080205,2008,0
14080205,2009,0.9882590943613022
14080205,2010,0
14080205,2011,0
14080205,2012,0
14080205,2013,0
14080205,2014,0
14080205,2015,10.834984074203208
14080205,2016,7.75448037214998
14080205,2017,7.744405875177476
14080205,2018,0
14080205,2019,21.30501862821788
14080205,2020,0
15010001,1991,18.52402398320121
15010001,1992,79.17757188727485
15010001,1993,90.5151346861523
15010001,1994,22.41417008913145
15010001,1995,50.64580953834472
15010001,1996,10.947220687638676
15010001,1997,22.269194637015655
15010001,1998,35.44202931346032
15010001,1999,0
15010001,2000,38.52997924513898
15010001,2001,19.73415804081558
15010001,2002,0
15010001,2003,6.859619592898485
15010001,2004,51.92101573545269
15010001,2005,68.09717759762742
15010001,2006,59.34795179840968
15010001,2007,13.898120774280834
15010001,2008,45.29293743087146
15010001,2009,20.37898766536837
15010001,2010,53.146919443307986
15010001,2011,8.781838931297123
15010001,2012,0
15010001,2013,37.19098938944693
15010001,2014,0
15010001,2015,19.91094613785109
15010001,2016,47.8318077292566
15010001,2017,37.6121333571521
15010001,2018,26.691638841438323
15010001,2019,42.41196753637361
15010001,2020,0
15010002,1991,3.723750798859564
15010002,1992,45.26625987820357
15010002,1993,97.6217774972707
15010002,1994,0
15010002,1995,23.163711583622757
15010002,1996,0
15010002,1997,0
15010002,1998,37.485729996942844
15010002,1999,0
15010002,2000,27.530740382846357
15010002,2001,20.714409371395927
15010002,2002,0
15010002,2003,14.267485077219572
15010002,2004,21.651794837992263
15010002,2005,66.494266777633
15010002,2006,40.121895315723926
15010002,2007,8.34774251172326
15010002,2008,24.568517161259635
15010002,2009,0
15010002,2010,71.79314756906496
15010002,2011,2.0953617807328957
15010002,2012,0
15010002,2013,35.14735517052353
15010002,2014,0
15010002,2015,3.344949659929332
15010002,2016,67.88545916430598
15010002,2017,34.50009258310094
15010002,2018,0
15010002,2019,7.717214440775441
15010002,2020,0
15010003,1991,4.206522996548481
15010003,1992,61.94703474890086
15010003,1993,90.59321039231351
15010003,1994,0.3685321463544571
15010003,1995,29.39610885273787
15010003,1996,7.50715937924031
15010003,1997,0
15010003,1998,31.032908064348824
15010003,1999,0
15010003,2000,23.297361563982445
15010003,2001,8.398608199309725
15010003,2002,0
15010003,2003,13.822080121702303
15010003,2004,50.94685496806009
15010003,2005,60.916827013202074
15010003,2006,36.034527862241994
15010003,2007,9.539213250403941
15010003,2008,19.263499885496508
15010003,2009,8.045367332800618
15010003,2010,56.12861199260253
15010003,2011,0
15010003,2012,0
15010003,2013,20.958814854699774
15010003,2014,0
15010003,2015,15.6487488920806
15010003,2016,50.06148461990239
15010003,2017,3.291952275742192
15010003,2018,9.095208334424528
15010003,2019,31.619843588838027
15010003,2020,0
15010004,1991,52.50777541614237
15010004,1992,117.16081499109907
15010004,1993,141.4727297699442
15010004,1994,37.45601962747773
15010004,1995,38.968878718232425
15010004,1996,2.414754816883592
15010004,1997,39.2108692788091
15010004,1998,42.74193659856839
15010004,1999,36.77604609377665
15010004,2000,38.80098084439945
15010004,2001,25.25916968077246
15010004,2002,0
15010004,2003,14.508114727479203
15010004,2004,30.566843582508604
15010004,2005,81.92077138024162
15010004,2006,25.32443157233514
15010004,2007,52.35201592170128
15010004,2008,51.9258780046903
15010004,2009,23.85422237440572
15010004,2010,68.37652762034153
15010004,2011,20.869680227254836
15010004,2012,0
15010004,2013,11.922808158622434
15010004,2014,0.08172486515323434
15010004,2015,0
15010004,2016,104.2665559267883
15010004,2017,53.798466345171214
15010004,2018,29.539168509846974
15010004,2019,16.47031055204715
15010004,2020,0
15010005,1991,15.693794682677662
15010005,1992,0
15010005,1993,69.75769623301126
15010005,1994,0
15010005,1995,0
15010005,1996,0
15010005,1997,0
15010005,1998,34.74772651683886
15010005,1999,0
15010005,2000,0.7119257777645618
15010005,2001,44.10395763620201
15010005,2002,0
15010005,2003,4.071565708268221
15010005,2004,3.6050601748530235
15010005,2005,47.17779013676606
15010005,2006,31.297911003487513
15010005,2007,5.232274230137485
15010005,2008,14.769241424758867
15010005,2009,0
15010005,2010,77.90996098712101
15010005,2011,17.701157306816718
15010005,2012,0
15010005,2013,0
15010005,2014,6.660343254787299
15010005,2015,0
15010005,2016,70.75601929209333
15010005,2017,19.65923232936611
15010005,2018,0
15010005,2019,0
15010005,2020,0
15010006,1991,0
15010006,1992,14.155449220549277
15010006,1993,50.83472937680669
15010006,1994,0
15010006,1995,15.759249175289622
15010006,1996,0
15010006,1997,0
15010006,1998,31.22427354435101
15010006,1999,0
15010006,2000,3.3298637353865694
15010006,2001,27.813914296383267
15010006,2002,0
15010006,2003,0
15010006,2004,10.798076250692406
15010006,2005,47.430124425833
15010006,2006,25.591055333680533
15010006,2007,0
15010006,2008,2.9572728844246696
15010006,2009,0
15010006,2010,80.02227890642742
15010006,2011,0
15010006,2012,0
15010006,2013,0
15010006,2014,0
15010006,2015,0
15010006,2016,51.78091427615704
15010006,2017,1.585266022879741
15010006,2018,0
15010006,2019,0
15010006,2020,0
15010007,1991,2.5418412515462574
15010007,1992,0
15010007,1993,24.727159794797483
15010007,1994,0
15010007,1995,0
15010007,1996,0
15010007,1997,0
15010007,1998,6.897478001716727
15010007,1999,0
15010007,2000,0.7977252518176343
15010007,2001,15.718908630512507
15010007,2002,6.1813894040945145
15010007,2003,1.9942131093657338
15010007,2004,0
15010007,2005,16.341081167920123
15010007,2006,23.12717565438683
15010007,2007,0
15010007,2008,0.8319202722820485
15010007,2009,0
15010007,2010,17.762314250660154
15010007,2011,11.68557360691569
15010007,2012,0
15010007,2013,3.021296688791458
15010007,2014,17.86627787168838
15010007,2015,0
15010007,2016,18.702410727431793
15010007,2017,15.269875422061249
15010007,2018,0
15010007,2019,1.703404948451037
15010007,2020,0
15010009,1991,0
15010009,1992,27.501902786855762
15010009,1993,36.10198168923429
15010009,1994,0
15010009,1995,1.6821037710276938
15010009,1996,0
15010009,1997,0
15010009,1998,12.09887394309517
15010009,1999,0
15010009,2000,0
15010009,2001,0
15010009,2002,0
15010009,2003,7.188897540914592
15010009,2004,21.94919900090939
15010009,2005,30.565711577080013
15010009,2006,9.03829463659198
15010009,2007,2.1330175546488723
15010009,2008,0
15010009,2009,0
15010009,2010,44.66374856486069
15010009,2011,0
15010009,2012,0
15010009,2013,7.509582549056717
15010009,2014,0
15010009,2015,0
15010009,2016,34.445201874787344
15010009,2017,0
15010009,2018,2.3201785765176264
15010009,2019,0
15010009,2020,0
15010010,1991,0
15010010,1992,23.378238307757194
15010010,1993,27.687476433519745
15010010,1994,0.6310076494458579
15010010,1995,26.00408840561704
15010010,1996,0
15010010,1997,0
15010010,1998,21.792104857224377
15010010,1999,0
15010010,2000,11.627527382795783
15010010,2001,23.929852173830746
15010010,2002,0
15010010,2003,2.8536011077162917
15010010,2004,25.950625683751486
15010010,2005,37.23366458703612
15010010,2006,22.51814470191836
15010010,2007,0.13145642782887204
15010010,2008,10.714370496334537
15010010,2009,0
15010010,2010,48.76329669101838
15010010,2011,0
15010010,2012,0
15010010,2013,16.706132216816666
15010010,2014,13.314207990973074
15010010,2015,0
15010010,2016,35.92719012291473
15010010,2017,0
15010010,2018,0
15010010,2019,12.521752108226138
15010010,2020,0
15010014,1991,0
15010014,1992,0.24194192082869015
15010014,1993,29.02407178704891
15010014,1994,0
15010014,1995,0
15010014,1996,0
15010014,1997,0
15010014,1998,13.243547095620366
15010014,1999,2.144469602806902
15010014,2000,0
15010014,2001,21.288862486130036
15010014,2002,1.3704720449001904
15010014,2003,1.337508750411068
15010014,2004,1.1346137811585728
15010014,2005,29.11372435944754
15010014,2006,21.338849795453648
15010014,2007,0
15010014,2008,0
15010014,2009,0
15010014,2010,41.76590914730433
15010014,2011,18.213430164390875
15010014,2012,0
15010014,2013,8.2399053810148
15010014,2014,3.1955293223142727
15010014,2015,0
15010014,2016,34.19810791544024
15010014,2017,3.559250744762125
15010014,2018,0
15010014,2019,0
15010014,2020,0
15020001,1991,24.175563346083408
15020001,1992,29.915345337194594
15020001,1993,26.990326428265167
15020001,1994,41.43187611190863
15020001,1995,6.694997217320973
15020001,1996,0
15020001,1997,24.47110172894967
15020001,1998,0
15020001,1999,4.319029040028791
15020001,2000,15.829054128505147
15020001,2001,0
15020001,2002,2.1046844417990327
15020001,2003,11.968143830033002
15020001,2004,18.266089624497862
15020001,2005,23.831208893684085
15020001,2006,11.445279062958322
15020001,2007,38.1970877378138
15020001,2008,7.887454737248817
15020001,2009,17.31380064623101
15020001,2010,16.996252566414263
15020001,2011,26.173527821042097
15020001,2012,0
15020001,2013,24.787472162831808
15020001,2014,0
15020001,2015,0
15020001,2016,0.3201541188773704
15020001,2017,0
15020001,2018,0
15020001,2019,13.380552890807039
15020001,2020,6.4195897745869575
15020002,1991,7.0924465392914025
15020002,1992,21.076570911555674
15020002,1993,21.0691139433802
15020002,1994,27.17642403951978
15020002,1995,11.72876287809928
15020002,1996,0
15020002,1997,11.810372206093652
15020002,1998,0
15020002,1999,0
15020002,2000,4.593903181654606
15020002,2001,1.9600089052888727
15020002,2002,8.94906817671299
15020002,2003,1.5812039106906355
15020002,2004,0
15020002,2005,18.61668015136383
15020002,2006,2.1740112275436694
15020002,2007,33.05986055947156
15020002,2008,5.253458366968206
15020002,2009,0
15020002,2010,30.820205977007575
15020002,2011,6.943551242460201
15020002,2012,0
15020002,2013,0
15020002,2014,0
15020002,2015,0
15020002,2016,0
15020002,2017,3.456562818640096
15020002,2018,5.741660821116952
15020002,2019,6.202459032816601
15020002,2020,0
15020003,1991,0
15020003,1992,7.737274416397783
15020003,1993,0
15020003,1994,28.779129916096245
15020003,1995,2.3178391593493095
15020003,1996,0
15020003,1997,9.423254709013479
15020003,1998,0
15020003,1999,0
15020003,2000,0
15020003,2001,1.4982989034924332
15020003,2002,27.65431039812975
15020003,2003,0
15020003,2004,0
15020003,2005,10.33438960581533
15020003,2006,0
15020003,2007,16.177227461226515
15020003,2008,0
15020003,2009,0
15020003,2010,7.9919840820344215
15020003,2011,6.89449792151314
15020003,2012,0
15020003,2013,0
15020003,2014,0
15020003,2015,0
15020003,2016,0
15020003,2017,0
15020003,2018,12.975118420336523
15020003,2019,0
15020003,2020,0
15020004,1991,19.27428517405785
15020004,1992,19.058962840287233
15020004,1993,28.593693616010693
15020004,1994,30.542561816030613
15020004,1995,17.803606726437142
15020004,1996,2.184803863732764
15020004,1997,26.594977095316217
15020004,1998,9.24356149963883
15020004,1999,0
15020004,2000,0
15020004,2001,0
15020004,2002,22.761025854469388
15020004,2003,0
15020004,2004,0
15020004,2005,9.480509510327153
15020004,2006,0
15020004,2007,37.10450594913197
15020004,2008,0
15020004,2009,0
15020004,2010,23.98024587331332
15020004,2011,13.828274656780438
15020004,2012,0
15020004,2013,0
15020004,2014,0
15020004,2015,0
15020004,2016,0
15020004,2017,3.078386752718711
15020004,2018,7.535718939437109
15020004,2019,0
15020004,2020,0
15020005,1991,25.641990134168665
15020005,1992,16.29628504854938
15020005,1993,43.16117339023163
15020005,1994,22.06364977157796
15020005,1995,13.861728222965935
15020005,1996,0
15020005,1997,28.235458284485706
15020005,1998,0
15020005,1999,0
15020005,2000,10.227970159467548
15020005,2001,0
15020005,2002,0
15020005,2003,5.288124128555628
15020005,2004,0
15020005,2005,27.819640997732737
15020005,2006,9.240234805975073
15020005,2007,51.82850085573644
15020005,2008,18.660116616062226
15020005,2009,2.4311645014156067
15020005,2010,44.78496443942198
15020005,2011,5.561945174727684
15020005,2012,0
15020005,2013,12.475991082499496
15020005,2014,5.711625005538148
15020005,2015,0
15020005,2016,2.3107989871934866
15020005,2017,11.124619819236973
15020005,2018,0
15020005,2019,7.934083180737483
15020005,2020,0
15020006,1991,50.48040616136668
15020006,1992,12.781581207925566
15020006,1993,38.28076999781038
15020006,1994,27.742786018705296
15020006,1995,15.57611095329147
15020006,1996,15.316499343726132
15020006,1997,49.22137593755735
15020006,1998,28.15077904060963
15020006,1999,0
15020006,2000,12.507768279970941
15020006,2001,1.8696340465182106
15020006,2002,11.026179360921928
15020006,2003,0
15020006,2004,0
15020006,2005,13.283293466617621
15020006,2006,9.690355521554753
15020006,2007,37.97422173284826
15020006,2008,0.33855586340357496
15020006,2009,12.369806513804644
15020006,2010,8.328010054550669
15020006,2011,35.087515260437385
15020006,2012,0
15020006,2013,0
15020006,2014,0
15020006,2015,0
15020006,2016,8.694901712484096
15020006,2017,13.698556631829938
15020006,2018,0
15020006,2019,0
15020006,2020,7.669042729691936
15020007,1991,30.21541737266224
15020007,1992,22.243458866568737
15020007,1993,42.80916330524008
15020007,1994,21.757696260895685
15020007,1995,21.390725310083894
15020007,1996,0
15020007,1997,14.94168385966921
15020007,1998,16.39668364655539
15020007,1999,0
15020007,2000,0
15020007,2001,0
15020007,2002,18.999666745524554
15020007,2003,0
15020007,2004,0
15020007,2005,17.341303119891787
15020007,2006,0
15020007,2007,39.879097169047384
15020007,2008,0
15020007,2009,0
15020007,2010,26.846587422976835
15020007,2011,3.401165327124798
15020007,2012,0
15020007,2013,0
15020007,2014,0
15020007,2015,0
15020007,2016,3.315697237896791
15020007,2017,8.539502396528173
15020007,2018,0
15020007,2019,0
15020007,2020,8.773890307895963
15020008,1991,6.863619942347454
15020008,1992,10.123330612345166
15020008,1993,13.586567148646244
15020008,1994,0
15020008,1995,3.2249702576126005
15020008,1996,0
15020008,1997,9.000542863884336
15020008,1998,4.164128819807072
15020008,1999,0
15020008,2000,3.613880562732618
15020008,2001,2.4163504882015108
15020008,2002,0.12986962483815243
15020008,2003,0
15020008,2004,3.1997512823198733
15020008,2005,9.139334656528234
15020008,2006,0
15020008,2007,16.0673983533416
15020008,2008,0
15020008,2009,0
15020008,2010,15.405420695730271
15020008,2011,2.3150294228868606
15020008,2012,0
15020008,2013,1.7514757143027968
15020008,2014,0.1239324596600253
15020008,2015,0
15020008,2016,0.3313141919409951
15020008,2017,6.360157454597161
15020008,2018,0
15020008,2019,0
15020008,2020,0
15020009,1991,32.82840063940582
15020009,1992,18.69720582500456
15020009,1993,27.64620845200987
15020009,1994,15.212097761076544
15020009,1995,15.733157366556375
15020009,1996,0.4316903472160308
15020009,1997,19.885489237504625
15020009,1998,17.241358989111507
15020009,1999,0
15020009,2000,6.287471224379377
15020009,2001,0.06350716059233784
15020009,2002,10.62551529876195
15020009,2003,0
15020009,2004,0
15020009,2005,14.521533081448286
15020009,2006,8.691540743588702
15020009,2007,45.53410017723952
15020009,2008,0
15020009,2009,0
15020009,2010,21.32402190566293
15020009,2011,12.908610411806494
15020009,2012,0
15020009,2013,0
15020009,2014,0
15020009,2015,0
15020009,2016,5.381795021391284
15020009,2017,11.694319965796746
15020009,2018,0
15020009,2019,0
15020009,2020,14.612972430372926
15020010,1991,25.279755344976657
15020010,1992,23.39010151158969
15020010,1993,34.98666512731005
15020010,1994,14.486852833782388
15020010,1995,19.45098091398771
15020010,1996,10.165807621818196
15020010,1997,26.845177329111163
15020010,1998,0
15020010,1999,0
15020010,2000,10.471888191975511
15020010,2001,2.084261852695433
15020010,2002,0
15020010,2003,0
15020010,2004,9.601197221557351
15020010,2005,21.595966152846938
15020010,2006,0
15020010,2007,32.58764975571696
15020010,2008,12.23544761162192
15020010,2009,0
15020010,2010,26.7064247263752
15020010,2011,4.434707433506878
15020010,2012,0
15020010,2013,8.194735402844472
15020010,2014,7.158889642034696
15020010,2015,0
15020010,2016,1.1511386868249671
15020010,2017,12.870913502440642
15020010,2018,0
15020010,2019,9.601741743806961
15020010,2020,0
15020011,1991,27.39998104652193
15020011,1992,0
15020011,1993,13.182720335890712
15020011,1994,7.306326837992155
15020011,1995,15.524631694880311
15020011,1996,0
15020011,1997,9.59156963495518
15020011,1998,13.31328701774211
15020011,1999,0
15020011,2000,3.052097091963431
15020011,2001,0
15020011,2002,0
15020011,2003,0
15020011,2004,0
15020011,2005,7.290686452502641
15020011,2006,3.5235647140196864
15020011,2007,44.12117557381845
15020011,2008,0
15020011,2009,0
15020011,2010,6.534390952074605
15020011,2011,8.249713464733498
15020011,2012,0
15020011,2013,0
15020011,2014,0
15020011,2015,0
15020011,2016,0
15020011,2017,9.36036100503298
15020011,2018,0
15020011,2019,0
15020011,2020,8.686052024782985
15020012,1991,20.95946566649763
15020012,1992,0
15020012,1993,9.603084372433718
15020012,1994,0
15020012,1995,2.9189631061111894
15020012,1996,0
15020012,1997,12.493141823144981
15020012,1998,7.568109303252452
15020012,1999,0
15020012,2000,0
15020012,2001,0
15020012,2002,0
15020012,2003,0
15020012,2004,0
15020012,2005,12.23444003136114
15020012,2006,14.597828874912215
15020012,2007,19.830980932532825
15020012,2008,0
15020012,2009,0
15020012,2010,2.8686783089459715
15020012,2011,1.6353211909428846
15020012,2012,0
15020012,2013,0
15020012,2014,0
15020012,2015,4.410515518479526
15020012,2016,8.437823211022161
15020012,2017,17.12413874052397
15020012,2018,0
15020012,2019,3.133638300996815
15020012,2020,0
15020013,1991,6.517465319176896
15020013,1992,0
15020013,1993,0
15020013,1994,0
15020013,1995,0
15020013,1996,0
15020013,1997,3.5118684770288073
15020013,1998,0.534256316245209
15020013,1999,0
15020013,2000,0
15020013,2001,0
15020013,2002,0
15020013,2003,0
15020013,2004,0
15020013,2005,0.32664646480325327
15020013,2006,4.939231066668294
15020013,2007,12.255170536957934
15020013,2008,0
15020013,2009,0
15020013,2010,0
15020013,2011,0
15020013,2012,0
15020013,2013,0
15020013,2014,0
15020013,2015,0
15020013,2016,0
15020013,2017,4.246956679805382
15020013,2018,0
15020013,2019,0
15020013,2020,0
15020014,1991,3.422701295861391
15020014,1992,0
15020014,1993,0
15020014,1994,0
15020014,1995,3.1160845552206293
15020014,1996,0
15020014,1997,0.8919393180673368
15020014,1998,2.935225747158127
15020014,1999,0
15020014,2000,0
15020014,2001,0
15020014,2002,0
15020014,2003,0
15020014,2004,0
15020014,2005,2.1672588195103706
15020014,2006,0
15020014,2007,26.371511150901206
15020014,2008,0
15020014,2009,0
15020014,2010,0
15020014,2011,0
15020014,2012,0
15020014,2013,0
15020014,2014,0
15020014,2015,0
15020014,2016,0
15020014,2017,9.454394651410494
15020014,2018,0
15020014,2019,0
15020014,2020,0
15020015,1991,37.49450750794256
15020015,1992,79.90468036065297
15020015,1993,93.2483686289104
15020015,1994,27.1201650094729
15020015,1995,36.02383948381372
15020015,1996,6.172557003108901
15020015,1997,47.47571091722704
15020015,1998,48.67889593445693
15020015,1999,15.062615216297841
15020015,2000,36.815171116265205
15020015,2001,23.138216782994334
15020015,2002,8.671662287574827
15020015,2003,22.48778078209646
15020015,2004,34.5005829235626
15020015,2005,69.47833962774945
15020015,2006,10.803216787631655
15020015,2007,50.45971236330388
15020015,2008,35.38141737827201
15020015,2009,4.435043473260295
15020015,2010,57.36095559707939
15020015,2011,29.276424941724386
15020015,2012,10.257218989025494
15020015,2013,33.976367901123304
15020015,2014,24.56382046629718
15020015,2015,17.615973916560353
15020015,2016,31.224006012045738
15020015,2017,29.802297826617984
15020015,2018,26.383877804974556
15020015,2019,35.83406921913094
15020015,2020,0
15020016,1991,0
15020016,1992,18.331790540548525
15020016,1993,18.181186025672023
15020016,1994,0.5264020711076745
15020016,1995,0.3665812709751516
15020016,1996,0
15020016,1997,15.87762461653541
15020016,1998,14.061259725606721
15020016,1999,8.46721720206689
15020016,2000,13.471406245428717
15020016,2001,7.294298692974896
15020016,2002,0
15020016,2003,0
15020016,2004,2.027993753735502
15020016,2005,12.29584003001997
15020016,2006,12.803686458257692
15020016,2007,7.506877176893104
15020016,2008,4.110395356277934
15020016,2009,0.691967672979509
15020016,2010,5.9141753898595555
15020016,2011,7.877818320371688
15020016,2012,2.257631867765799
15020016,2013,15.511484662629618
15020016,2014,0
15020016,2015,20.208290114865374
15020016,2016,25.244875024293485
15020016,2017,32.42821295301486
15020016,2018,10.875818817242978
15020016,2019,14.253301260587733
15020016,2020,0
15020017,1991,2.750861474732758
15020017,1992,0
15020017,1993,5.537126907330874
15020017,1994,0
15020017,1995,0.1541060191205273
15020017,1996,0
15020017,1997,10.04821682217675
15020017,1998,7.149831630202588
15020017,1999,0
15020017,2000,2.974681183732138
15020017,2001,0
15020017,2002,0
15020017,2003,0
15020017,2004,0
15020017,2005,6.061977702077165
15020017,2006,14.925684089058675
15020017,2007,14.200503283343462
15020017,2008,0
15020017,2009,0
15020017,2010,2.0380391361427264
15020017,2011,7.000078497121484
15020017,2012,0
15020017,2013,0.9716444443085278
15020017,2014,0
15020017,2015,8.161604864784685
15020017,2016,8.980767338953205
15020017,2017,22.957894718744956
15020017,2018,0
15020017,2019,4.696246881285023
15020017,2020,0
15020018,1991,0
15020018,1992,7.153553194790633
15020018,1993,21.896263497143604
15020018,1994,0
15020018,1995,0
15020018,1996,0
15020018,1997,14.147910233727572
15020018,1998,4.5799557165582225
15020018,1999,0
15020018,2000,0.9226591758276704
15020018,2001,0
15020018,2002,0
15020018,2003,0
15020018,2004,0
15020018,2005,19.191247715520195
15020018,2006,32.694535012924234
15020018,2007,16.22469501244817
15020018,2008,0
15020018,2009,0
15020018,2010,0
15020018,2011,5.384063297594534
15020018,2012,0
15020018,2013,10.406569376709735
15020018,2014,0
15020018,2015,11.980303203379814
15020018,2016,19.34804113205556
15020018,2017,33.05391964978698
15020018,2018,0
15020018,2019,2.5420746837446653
15020018,2020,0
15030101,1991,1.1957164543680474
15030101,1992,8.129947153905544
15030101,1993,26.161459170338144
15030101,1994,0
15030101,1995,2.0107417966478516
15030101,1996,0
15030101,1997,0
15030101,1998,20.737014189658215
15030101,1999,0
15030101,2000,0
15030101,2001,7.2980434611847445
15030101,2002,0
15030101,2003,7.322172210253135
15030101,2004,6.164024950976794
15030101,2005,27.276114016796722
15030101,2006,7.000212325332309
15030101,2007,0
15030101,2008,10.559469870819886
15030101,2009,0
15030101,2010,20.6836538412991
15030101,2011,8.049875317397271
15030101,2012,0
15030101,2013,6.363877124580307
15030101,2014,2.4627623534900476
15030101,2015,0
15030101,2016,8.861821974696255
15030101,2017,0
15030101,2018,0
15030101,2019,0
15030101,2020,0.2063944048029218
15030103,1991,0
15030103,1992,0
15030103,1993,28.273990859192068
15030103,1994,0
15030103,1995,0
15030103,1996,0
15030103,1997,0
15030103,1998,24.550210986519104
15030103,1999,1.8500866075588553
15030103,2000,0
15030103,2001,9.040507462227689
15030103,2002,2.47262408765954
15030103,2003,11.165664440712211
15030103,2004,6.597887801581904
15030103,2005,28.461737946709103
15030103,2006,27.47548850799778
15030103,2007,0
15030103,2008,14.641196303017978
15030103,2009,0
15030103,2010,23.28300343552786
15030103,2011,16.742734568731304
15030103,2012,0
15030103,2013,6.045383891704352
15030103,2014,24.130341764055576
15030103,2015,0
15030103,2016,17.00762584871645
15030103,2017,2.4015271164319203
15030103,2018,0
15030103,2019,0
15030103,2020,0
15030104,1991,0
15030104,1992,0
15030104,1993,20.60721787152565
15030104,1994,0
15030104,1995,6.752045875504904
15030104,1996,0
15030104,1997,3.5004923296671704
15030104,1998,18.709641078992085
15030104,1999,2.47632753921053
15030104,2000,0
15030104,2001,16.281674434609954
15030104,2002,0
15030104,2003,12.871928436061925
15030104,2004,21.71372934333489
15030104,2005,43.61337909632605
15030104,2006,24.872085604220278
15030104,2007,0
15030104,2008,56.71077420434479
15030104,2009,0
15030104,2010,36.805187132640775
15030104,2011,24.14301264516573
15030104,2012,0
15030104,2013,25.945755089173666
15030104,2014,17.95493246865832
15030104,2015,0
15030104,2016,0
15030104,2017,3.487284354149234
15030104,2018,0
15030104,2019,0
15030104,2020,10.23277708844794
15030105,1991,0
15030105,1992,0
15030105,1993,29.191039479297295
15030105,1994,0
15030105,1995,4.610465130600204
15030105,1996,0
15030105,1997,0
15030105,1998,20.912727816778837
15030105,1999,0.8194746283756984
15030105,2000,0
15030105,2001,5.239545200713191
15030105,2002,0
15030105,2003,21.890203519209717
15030105,2004,15.461027011925706
15030105,2005,36.90953696651804
15030105,2006,9.157005335231323
15030105,2007,0
15030105,2008,39.62102317974049
15030105,2009,0
15030105,2010,25.793861936281097
15030105,2011,0
15030105,2012,0
15030105,2013,19.84711487831962
15030105,2014,6.7538882328367205
15030105,2015,0
15030105,2016,0
15030105,2017,8.403325699334802
15030105,2018,0
15030105,2019,0
15030105,2020,0
15030106,1991,0
15030106,1992,0
15030106,1993,17.456882568213555
15030106,1994,0
15030106,1995,6.804883863127913
15030106,1996,0
15030106,1997,2.6462852159634327
15030106,1998,11.087681729261831
15030106,1999,0
15030106,2000,0
15030106,2001,0
15030106,2002,0
15030106,2003,7.913176644950108
15030106,2004,16.017398930876908
15030106,2005,61.678023916072256
15030106,2006,32.527981793364454
15030106,2007,0
15030106,2008,56.74755817253004
15030106,2009,0
15030106,2010,44.504535299947364
15030106,2011,5.015514008491317
15030106,2012,0
15030106,2013,26.48173361944034
15030106,2014,10.009747366712245
15030106,2015,0
15030106,2016,1.641954609655815
15030106,2017,8.064702521008082
15030106,2018,0
15030106,2019,0
15030106,2020,4.127421159938189
15030107,1991,0
15030107,1992,0
15030107,1993,9.63742466043364
15030107,1994,0
15030107,1995,0
15030107,1996,0
15030107,1997,27.03678661807967
15030107,1998,0
15030107,1999,5.02507712911123
15030107,2000,0
15030107,2001,16.309845568205002
15030107,2002,0
15030107,2003,0
15030107,2004,0
15030107,2005,0
15030107,2006,4.234288597886567
15030107,2007,0
15030107,2008,25.688252984233877
15030107,2009,0
15030107,2010,19.116746125502566
15030107,2011,0
15030107,2012,2.38514585297213
15030107,2013,13.154936697633552
15030107,2014,0
15030107,2015,0
15030107,2016,0
15030107,2017,1.0974977114739728
15030107,2018,1.8463047054669575
15030107,2019,0
15030107,2020,8.012027199284761
15030108,1991,0
15030108,1992,0
15030108,1993,11.95920144148303
15030108,1994,0
15030108,1995,0
15030108,1996,0
15030108,1997,44.68521822130828
15030108,1998,0
15030108,1999,11.30726103026889
15030108,2000,0
15030108,2001,19.29777675455684
15030108,2002,0
15030108,2003,0.65019305475926
15030108,2004,0
15030108,2005,0
15030108,2006,6.2762292866050435
15030108,2007,1.5996586668850277
15030108,2008,38.3936737806559
15030108,2009,0
15030108,2010,20.829107251221075
15030108,2011,0
15030108,2012,6.725906272735395
15030108,2013,27.395074561676648
15030108,2014,0
15030108,2015,0
15030108,2016,0
15030108,2017,0
15030108,2018,2.683600908514457
15030108,2019,0
15030108,2020,12.513876052542198
15030201,1991,0.1068999088624791
15030201,1992,3.4679286364058313
15030201,1993,32.183894923274416
15030201,1994,0
15030201,1995,0
15030201,1996,0
15030201,1997,0.17461648668957638
15030201,1998,18.907458709468926
15030201,1999,1.1060058993964939
15030201,2000,11.28550596878664
15030201,2001,13.723747787186827
15030201,2002,0
15030201,2003,9.032798078021399
15030201,2004,2.8842237369067427
15030201,2005,19.420895950526297
15030201,2006,28.39799316360736
15030201,2007,0
15030201,2008,6.02403201873829
15030201,2009,0
15030201,2010,13.45041038693695
15030201,2011,7.81760868888011
15030201,2012,0
15030201,2013,0.6038807568968649
15030201,2014,21.23096758742042
15030201,2015,0
15030201,2016,12.477062045231404
15030201,2017,8.213705543430319
15030201,2018,0
15030201,2019,5.237478385067104
15030201,2020,0
15030202,1991,13.50576829852231
15030202,1992,28.787683977830334
15030202,1993,60.30492724417722
15030202,1994,2.2661801137246216
15030202,1995,21.221090737391066
15030202,1996,0
15030202,1997,18.963432044298184
15030202,1998,27.50504708513835
15030202,1999,7.1916672516440565
15030202,2000,32.75186353970012
15030202,2001,35.102961823011064
15030202,2002,0
15030202,2003,15.887322292719611
15030202,2004,20.703863020833634
15030202,2005,18.485800059448753
15030202,2006,28.633567363402108
15030202,2007,0
15030202,2008,20.575292560141765
15030202,2009,1.0054232410603834
15030202,2010,21.141380551806368
15030202,2011,3.4011506153617868
15030202,2012,0
15030202,2013,4.561964925816719
15030202,2014,14.624964057318827
15030202,2015,0
15030202,2016,17.640068351771763
15030202,2017,17.92176226067409
15030202,2018,0
15030202,2019,27.318714869125067
15030202,2020,0
15030203,1991,0
15030203,1992,10.267550255978419
15030203,1993,50.61491451135131
15030203,1994,0
15030203,1995,12.057351458692953
15030203,1996,0
15030203,1997,11.998677812930179
15030203,1998,16.38039932890352
15030203,1999,3.8708384178288235
15030203,2000,18.495270812476523
15030203,2001,10.92025473255711
15030203,2002,0
15030203,2003,8.892494688837932
15030203,2004,3.34351147294234
15030203,2005,9.539124528497524
15030203,2006,0.4544796018857772
15030203,2007,0
15030203,2008,10.369093913511275
15030203,2009,0
15030203,2010,16.276528086836695
15030203,2011,0
15030203,2012,0
15030203,2013,0
15030203,2014,6.107180124793874
15030203,2015,0
15030203,2016,12.15053081838258
15030203,2017,18.8467601080104
15030203,2018,0
15030203,2019,5.754763842756722
15030203,2020,0
15030204,1991,0
15030204,1992,0
15030204,1993,39.5461116638966
15030204,1994,0
15030204,1995,8.40187493536369
15030204,1996,0
15030204,1997,0
15030204,1998,32.149486412825766
15030204,1999,0.8693994742291341
15030204,2000,21.671496655344686
15030204,2001,8.430391695105628
15030204,2002,0
15030204,2003,30.455923721124485
15030204,2004,18.01650170885922
15030204,2005,23.400859306882463
15030204,2006,5.846207572296702
15030204,2007,0
15030204,2008,25.843356628562233
15030204,2009,0
15030204,2010,15.432401365976345
15030204,2011,0
15030204,2012,0
15030204,2013,0
15030204,2014,12.611702153645696
15030204,2015,0
15030204,2016,2.5393338978454407
15030204,2017,0.5779857228929615
15030204,2018,0
15030204,2019,0
15030204,2020,0
15040002,1991,7.524143469752887
15040002,1992,0
15040002,1993,8.150779314897385
15040002,1994,0
15040002,1995,0
15040002,1996,0
15040002,1997,10.334130237362825
15040002,1998,3.2238782659491023
15040002,1999,0
15040002,2000,0
15040002,2001,0.20366200999132236
15040002,2002,13.531582142842113
15040002,2003,0
15040002,2004,0.21352559736996307
15040002,2005,19.84637286033475
15040002,2006,0
15040002,2007,4.09096625542207
15040002,2008,0
15040002,2009,0
15040002,2010,17.03919069591803
15040002,2011,0
15040002,2012,0
15040002,2013,0
15040002,2014,0
15040002,2015,0
15040002,2016,0
15040002,2017,0
15040002,2018,0
15040002,2019,0
15040002,2020,0
15040003,1991,28.68462928997536
15040003,1992,0
15040003,1993,0
15040003,1994,0
15040003,1995,0
15040003,1996,0
15040003,1997,0
15040003,1998,0
15040003,1999,0
15040003,2000,0
15040003,2001,0
15040003,2002,0
15040003,2003,0
15040003,2004,0
15040003,2005,0
15040003,2006,0
15040003,2007,0
15040003,2008,0
15040003,2009,0
15040003,2010,0
15040003,2011,0
15040003,2012,0
15040003,2013,0
15040003,2014,0
15040003,2015,0
15040003,2016,0
15040003,2017,0
15040003,2018,0
15040003,2019,0
15040003,2020,0
15040004,1991,51.065132957518074
15040004,1992,61.29148300163633
15040004,1993,50.77733129655819
15040004,1994,43.500251349433675
15040004,1995,7.71822779747572
15040004,1996,23.864123253360546
15040004,1997,43.73721176786152
15040004,1998,37.441915064919286
15040004,1999,22.207253358469004
15040004,2000,24.417902322022034
15040004,2001,26.237070520852534
15040004,2002,15.17068151048871
15040004,2003,47.96316212408116
15040004,2004,42.24525270356429
15040004,2005,70.34095753227757
15040004,2006,40.84266083954341
15040004,2007,57.09290086275959
15040004,2008,39.14580445665803
15040004,2009,7.0825574425739415
15040004,2010,46.11824840242717
15040004,2011,17.22223939156917
15040004,2012,0
15040004,2013,48.601754602521886
15040004,2014,0
15040004,2015,0
15040004,2016,8.777796431178919
15040004,2017,0
15040004,2018,0
15040004,2019,0
15040004,2020,8.252909190729195
15040005,1991,0
15040005,1992,0
15040005,1993,33.28698035664371
15040005,1994,3.735680034763863
15040005,1995,0
15040005,1996,0
15040005,1997,0.11693291862340163
15040005,1998,0
15040005,1999,0
15040005,2000,0
15040005,2001,0.6730666420428884
15040005,2002,0.07613622610996341
15040005,2003,0
15040005,2004,0
15040005,2005,7.211675125696842
15040005,2006,0
15040005,2007,0
15040005,2008,1.6024975321095725
15040005,2009,0
15040005,2010,15.652106861154133
15040005,2011,0
15040005,2012,0
15040005,2013,0
15040005,2014,0
15040005,2015,0
15040005,2016,0
15040005,2017,0
15040005,2018,0
15040005,2019,0
15040005,2020,0
15040006,1991,20.821914364597863
15040006,1992,0
15040006,1993,24.780376563317496
15040006,1994,0
15040006,1995,0
15040006,1996,0
15040006,1997,18.75454992930597
15040006,1998,0.992774435749046
15040006,1999,0
15040006,2000,16.07488130499785
15040006,2001,2.750240185004815
15040006,2002,0.4541041868311971
15040006,2003,0
15040006,2004,0
15040006,2005,11.788012256354364
15040006,2006,0
15040006,2007,5.476134500785207
15040006,2008,0
15040006,2009,0
15040006,2010,12.52864058739858
15040006,2011,0
15040006,2012,0
15040006,2013,0
15040006,2014,13.449328095475586
15040006,2015,0
15040006,2016,0
15040006,2017,0
15040006,2018,0
15040006,2019,0
15040006,2020,0
15040007,1991,0
15040007,1992,2.071446023722024
15040007,1993,34.34238219956993
15040007,1994,7.938545360179001
15040007,1995,0
15040007,1996,0
15040007,1997,0
15040007,1998,0
15040007,1999,0
15040007,2000,0
15040007,2001,0
15040007,2002,0
15040007,2003,0
15040007,2004,0
15040007,2005,12.558640853258822
15040007,2006,0
15040007,2007,0
15040007,2008,6.392041053063698
15040007,2009,0
15040007,2010,4.854392582993281
15040007,2011,0
15040007,2012,0
15040007,2013,0
15040007,2014,0
15040007,2015,0
15040007,2016,0
15040007,2017,0
15040007,2018,0
15040007,2019,0
15040007,2020,0
15050100,1991,0
15050100,1992,33.080777124310636
15050100,1993,49.713105649327446
15050100,1994,0
15050100,1995,0
15050100,1996,0
15050100,1997,5.562269895554847
15050100,1998,11.76528989070985
15050100,1999,0
15050100,2000,0
15050100,2001,6.590557371071832
15050100,2002,0
15050100,2003,0
15050100,2004,0
15050100,2005,19.172193058368425
15050100,2006,0
15050100,2007,0
15050100,2008,0.04169099245721044
15050100,2009,0
15050100,2010,24.236819850489514
15050100,2011,0
15050100,2012,0.3688904124787888
15050100,2013,0
15050100,2014,3.3407607775138826
15050100,2015,0
15050100,2016,0
15050100,2017,0.23912636249703684
15050100,2018,0
15050100,2019,0
15050100,2020,0
15050201,1991,7.5428445228989185
15050201,1992,3.3496758836837417
15050201,1993,45.82837091558399
15050201,1994,3.3051139370645943
15050201,1995,6.263998030563766
15050201,1996,0
15050201,1997,16.709493038091793
15050201,1998,14.673523279395276
15050201,1999,0
15050201,2000,17.879254245458444
15050201,2001,14.466699432560034
15050201,2002,0
15050201,2003,0
15050201,2004,0
15050201,2005,6.352427785778524
15050201,2006,0
15050201,2007,0
15050201,2008,0
15050201,2009,0
15050201,2010,0
15050201,2011,0
15050201,2012,0
15050201,2013,0
15050201,2014,7.4176165012185855
15050201,2015,0
15050201,2016,0
15050201,2017,0
15050201,2018,0
15050201,2019,0
15050201,2020,0
15050202,1991,0
15050202,1992,0
15050202,1993,23.278694488129624
15050202,1994,4.7965059461692725
15050202,1995,0
15050202,1996,0
15050202,1997,0.5846178017387669
15050202,1998,0.066320108952238
15050202,1999,0
15050202,2000,20.01395210093081
15050202,2001,10.980688865365451
15050202,2002,0
15050202,2003,0
15050202,2004,0
15050202,2005,0
15050202,2006,0
15050202,2007,0
15050202,2008,0
15050202,2009,0
15050202,2010,3.115410533059669
15050202,2011,0
15050202,2012,0
15050202,2013,0
15050202,2014,16.13277719878555
15050202,2015,0
15050202,2016,0
15050202,2017,0
15050202,2018,0
15050202,2019,0
15050202,2020,0
15050203,1991,0
15050203,1992,0.4113887805380897
15050203,1993,57.750037805192086
15050203,1994,3.7336619320364517
15050203,1995,0
15050203,1996,0
15050203,1997,4.562173601458405
15050203,1998,24.062940333438565
15050203,1999,0
15050203,2000,2.913522368233564
15050203,2001,3.690330659890068
15050203,2002,0
15050203,2003,0
15050203,2004,0
15050203,2005,0
15050203,2006,0
15050203,2007,0
15050203,2008,0
15050203,2009,0
15050203,2010,0
15050203,2011,0
15050203,2012,0
15050203,2013,0
15050203,2014,0
15050203,2015,0
15050203,2016,0
15050203,2017,0
15050203,2018,0
15050203,2019,0
15050203,2020,0
15050301,1991,0
15050301,1992,0
15050301,1993,32.23225166251496
15050301,1994,10.97761703593118
15050301,1995,0
15050301,1996,0
15050301,1997,10.104400391855291
15050301,1998,10.625429656267807
15050301,1999,0
15050301,2000,11.289984176859932
15050301,2001,14.881775483090891
15050301,2002,0
15050301,2003,0
15050301,2004,0
15050301,2005,0
15050301,2006,0
15050301,2007,0.050087221772086576
15050301,2008,0
15050301,2009,0
15050301,2010,1.998382392974622
15050301,2011,0
15050301,2012,0
15050301,2013,0
15050301,2014,0
15050301,2015,0
15050301,2016,0
15050301,2017,0
15050301,2018,0
15050301,2019,0
15050301,2020,0
15050302,1991,0
15050302,1992,0
15050302,1993,34.57787962167569
15050302,1994,8.759831199012867
15050302,1995,0
15050302,1996,0
15050302,1997,8.634648274875477
15050302,1998,19.0920451560398
15050302,1999,0
15050302,2000,13.73197867014196
15050302,2001,10.023262336022974
15050302,2002,1.876194126225531
15050302,2003,0
15050302,2004,0
15050302,2005,0
15050302,2006,0
15050302,2007,0
15050302,2008,0
15050302,2009,0
15050302,2010,2.867792942864502
15050302,2011,0
15050302,2012,0
15050302,2013,0
15050302,2014,0
15050302,2015,0
15050302,2016,0
15050302,2017,0
15050302,2018,0
15050302,2019,0
15050302,2020,0
15050303,1991,0
15050303,1992,2.0729412186976166
15050303,1993,19.328188317335695
15050303,1994,0
15050303,1995,0
15050303,1996,0
15050303,1997,8.243548362225095
15050303,1998,3.0676157559779305
15050303,1999,0
15050303,2000,0
15050303,2001,5.358122142145332
15050303,2002,0
15050303,2003,0
15050303,2004,0
15050303,2005,11.42923522078599
15050303,2006,5.375972129099109
15050303,2007,0
15050303,2008,0
15050303,2009,0
15050303,2010,7.357393391307457
15050303,2011,0
15050303,2012,0
15050303,2013,0
15050303,2014,0.7085908265454
15050303,2015,0
15050303,2016,0
15050303,2017,0.007167478931666088
15050303,2018,0.38905035155186263
15050303,2019,0
15050303,2020,0
15050304,1991,0
15050304,1992,0
15050304,1993,40.23578412248555
15050304,1994,5.984033191070406
15050304,1995,0
15050304,1996,5.551886123032224
15050304,1997,8.219164974963933
15050304,1998,11.828454441470369
15050304,1999,0
15050304,2000,5.5694875019125165
15050304,2001,1.8582398974589576
15050304,2002,1.8567497448538197
15050304,2003,0
15050304,2004,0
15050304,2005,10.372577482211943
15050304,2006,0
15050304,2007,8.502417497175387
15050304,2008,0
15050304,2009,0
15050304,2010,0
15050304,2011,0
15050304,2012,0
15050304,2013,0
15050304,2014,0
15050304,2015,0
15050304,2016,0
15050304,2017,0
15050304,2018,0
15050304,2019,0
15050304,2020,0
15050305,1991,0
15050305,1992,0
15050305,1993,29.024665446478814
15050305,1994,0
15050305,1995,0
15050305,1996,0
15050305,1997,6.031968774193977
15050305,1998,3.190651646598448
15050305,1999,0
15050305,2000,0.26803504885024804
15050305,2001,0
15050305,2002,0
15050305,2003,0
15050305,2004,0
15050305,2005,23.8713389269788
15050305,2006,0
15050305,2007,3.0851600380409208
15050305,2008,0
15050305,2009,0
15050305,2010,2.828556720611288
15050305,2011,0
15050305,2012,0
15050305,2013,0
15050305,2014,0
15050305,2015,0
15050305,2016,0
15050305,2017,0
15050305,2018,0.5710682638412634
15050305,2019,0
15050305,2020,0
15050306,1991,0
15050306,1992,0.6427518401623479
15050306,1993,29.631616813039678
15050306,1994,0
15050306,1995,0
15050306,1996,0
15050306,1997,7.296174869993181
15050306,1998,8.829317661782023
15050306,1999,0
15050306,2000,0
15050306,2001,1.63318109996014
15050306,2002,0
15050306,2003,0
15050306,2004,0
15050306,2005,19.336310421226884
15050306,2006,2.6592672109052677
15050306,2007,4.8414565273575585
15050306,2008,3.502481620939014
15050306,2009,0
15050306,2010,7.777133141479258
15050306,2011,0
15050306,2012,0.8224464415724366
15050306,2013,0
15050306,2014,0
15050306,2015,0
15050306,2016,0
15050306,2017,0
15050306,2018,9.032590393030128
15050306,2019,0
15050306,2020,0
15060101,1991,88.89754080624311
15060101,1992,92.06280179355268
15060101,1993,123.11997936836899
15060101,1994,87.29231287021811
15060101,1995,50.21182866073987
15060101,1996,25.11293922967833
15060101,1997,47.97385087804854
15060101,1998,10.16318680326837
15060101,1999,20.01484677066114
15060101,2000,48.256724156940834
15060101,2001,18.967993248313864
15060101,2002,39.28861823679212
15060101,2003,51.87945565043159
15060101,2004,23.925182299385977
15060101,2005,87.8853444632815
15060101,2006,31.13058951271084
15060101,2007,60.61778123655984
15060101,2008,68.33047397815189
15060101,2009,23.5406630435276
15060101,2010,71.5497208158848
15060101,2011,10.283087730768056
15060101,2012,0
15060101,2013,34.728147372869536
15060101,2014,9.535820462532994
15060101,2015,0
15060101,2016,2.916744787624528
15060101,2017,0
15060101,2018,0
15060101,2019,40.75756194665857
15060101,2020,19.097525677284317
15060102,1991,211.40835320816328
15060102,1992,161.5863686852145
15060102,1993,208.5933691954606
15060102,1994,145.4487590803232
15060102,1995,144.09129111715043
15060102,1996,67.78088116314888
15060102,1997,102.3909749888719
15060102,1998,73.26702096075795
15060102,1999,57.74783718604171
15060102,2000,106.19032887541408
15060102,2001,69.22574609438281
15060102,2002,57.291118050006354
15060102,2003,98.46291733822662
15060102,2004,82.45618855628848
15060102,2005,187.63705432033709
15060102,2006,90.60729040790667
15060102,2007,143.08939400259095
15060102,2008,139.826390620803
15060102,2009,51.895465373293696
15060102,2010,149.2248891815961
15060102,2011,60.9644232985755
15060102,2012,40.593324906653194
15060102,2013,85.98741379986838
15060102,2014,52.1097642631146
15060102,2015,14.55347981854318
15060102,2016,44.22112638087792
15060102,2017,49.45583178096805
15060102,2018,34.03505820126146
15060102,2019,99.35550516635291
15060102,2020,47.14923064200874
15060103,1991,27.879410279733307
15060103,1992,62.680843456487075
15060103,1993,115.29373050966883
15060103,1994,46.333985938587816
15060103,1995,24.531543660302532
15060103,1996,13.535521639293925
15060103,1997,42.444265886508184
15060103,1998,19.95155860917893
15060103,1999,0
15060103,2000,9.186608914814611
15060103,2001,2.353603777067651
15060103,2002,0
15060103,2003,15.328369468510985
15060103,2004,0
15060103,2005,60.65653623804477
15060103,2006,0
15060103,2007,31.94218373626704
15060103,2008,47.49567074298752
15060103,2009,0
15060103,2010,58.456634596544006
15060103,2011,0
15060103,2012,0
15060103,2013,0
15060103,2014,6.356904689752055
15060103,2015,0
15060103,2016,0
15060103,2017,5.733931330711336
15060103,2018,0
15060103,2019,0.0953134086149556
15060103,2020,0
15060104,1991,21.966370869183695
15060104,1992,15.716065148973435
15060104,1993,62.36350674693339
15060104,1994,25.92123646864561
15060104,1995,26.982531412264727
15060104,1996,1.6355288683549427
15060104,1997,33.14693130960965
15060104,1998,0
15060104,1999,0
15060104,2000,12.082034844708481
15060104,2001,0
15060104,2002,0
15060104,2003,15.238845082848034
15060104,2004,0
15060104,2005,43.954703917944265
15060104,2006,0
15060104,2007,39.252952731929895
15060104,2008,26.80526633824404
15060104,2009,0
15060104,2010,47.97205546148745
15060104,2011,0
15060104,2012,0
15060104,2013,6.648337977726109
15060104,2014,19.411079841941927
15060104,2015,0
15060104,2016,0
15060104,2017,0.4489039945070814
15060104,2018,0
15060104,2019,2.445448095629604
15060104,2020,0
15060105,1991,28.074512487125947
15060105,1992,64.18711657942478
15060105,1993,131.34166504192441
15060105,1994,31.48710761053021
15060105,1995,29.668095109456374
15060105,1996,15.826261265447835
15060105,1997,36.8482938856188
15060105,1998,16.765818726961633
15060105,1999,19.614063206408183
15060105,2000,15.402772120022641
15060105,2001,12.768782924643912
15060105,2002,2.2399640934676204
15060105,2003,19.205730552774224
15060105,2004,10.158942768757717
15060105,2005,61.09884639366662
15060105,2006,0
15060105,2007,31.630764108538347
15060105,2008,36.7089302355962
15060105,2009,0
15060105,2010,66.9817812759986
15060105,2011,0
15060105,2012,0
15060105,2013,12.494899802967517
15060105,2014,7.537261864601207
15060105,2015,0
15060105,2016,0
15060105,2017,37.06958679767876
15060105,2018,0
15060105,2019,21.414253246482918
15060105,2020,0
15060106,1991,0
15060106,1992,35.20006391223218
15060106,1993,49.46124251925313
15060106,1994,0
15060106,1995,0
15060106,1996,0
15060106,1997,3.7401573407336968
15060106,1998,6.022265386022683
15060106,1999,0
15060106,2000,0
15060106,2001,0
15060106,2002,0
15060106,2003,0
15060106,2004,0
15060106,2005,15.397295332525472
15060106,2006,0
15060106,2007,0
15060106,2008,4.285767170998343
15060106,2009,0
15060106,2010,23.247214606071015
15060106,2011,0
15060106,2012,0
15060106,2013,0
15060106,2014,17.892982944157062
15060106,2015,0
15060106,2016,0
15060106,2017,6.479232040654014
15060106,2018,0
15060106,2019,0
15060106,2020,0
15060201,1991,9.487232126361432
15060201,1992,19.459931539031306
15060201,1993,37.70675287599248
15060201,1994,2.3900468600396856
15060201,1995,3.2047305362890706
15060201,1996,0
15060201,1997,4.301582443093542
15060201,1998,11.06005616582654
15060201,1999,11.295115302857827
15060201,2000,19.84450560111592
15060201,2001,23.064085484302627
15060201,2002,9.195303840348018
15060201,2003,6.712886555847545
15060201,2004,4.569049728850989
15060201,2005,23.065405705384112
15060201,2006,7.295146208788467
15060201,2007,0
15060201,2008,6.67885678180356
15060201,2009,0
15060201,2010,18.861535331793604
15060201,2011,10.760656882926929
15060201,2012,0
15060201,2013,1.303940053423979
15060201,2014,10.324997761529762
15060201,2015,0
15060201,2016,28.256438039132405
15060201,2017,27.29479590597616
15060201,2018,0
15060201,2019,6.978012401125377
15060201,2020,0
15060202,1991,19.30931581778514
15060202,1992,69.96816040907095
15060202,1993,79.79090159938131
15060202,1994,6.399320258259576
15060202,1995,27.656101304135
15060202,1996,0
15060202,1997,37.381086355284026
15060202,1998,38.83786887464153
15060202,1999,2.971325313140117
15060202,2000,33.43095511511478
15060202,2001,20.672713914100655
15060202,2002,10.266195199293875
15060202,2003,0
15060202,2004,9.549637018749317
15060202,2005,53.39534149888176
15060202,2006,0
15060202,2007,7.334105433989929
15060202,2008,20.194912342583265
15060202,2009,0
15060202,2010,55.79980226564894
15060202,2011,0
15060202,2012,0
15060202,2013,13.89599159321204
15060202,2014,15.241196737500317
15060202,2015,0
15060202,2016,40.315800708535576
15060202,2017,33.54440563075167
15060202,2018,15.211635108779504
15060202,2019,23.736449811567475
15060202,2020,0
15060203,1991,22.2032268537747
15060203,1992,58.9956000998485
15060203,1993,107.55337232537342
15060203,1994,3.7996028728381708
15060203,1995,26.920198698122405
15060203,1996,0
15060203,1997,30.297891330374433
15060203,1998,15.471885978998726
15060203,1999,1.2887476652717722
15060203,2000,11.9801963548223
15060203,2001,14.037983813697632
15060203,2002,11.650432233045931
15060203,2003,7.9575477288591685
15060203,2004,0.6742561545195884
15060203,2005,48.742385329424764
15060203,2006,0
15060203,2007,9.08225984330391
15060203,2008,1.1155353085355955
15060203,2009,0
15060203,2010,32.83275351780014
15060203,2011,0
15060203,2012,0
15060203,2013,0
15060203,2014,0
15060203,2015,0
15060203,2016,0
15060203,2017,25.083431130778216
15060203,2018,0
15060203,2019,4.3423526622179995
15060203,2020,0
15070101,1991,0
15070101,1992,0
15070101,1993,23.500165922918
15070101,1994,0
15070101,1995,0
15070101,1996,0
15070101,1997,2.959857000225142
15070101,1998,26.927839318871854
15070101,1999,2.7697409874447247
15070101,2000,0.2236946237639686
15070101,2001,0
15070101,2002,0
15070101,2003,8.880937597072409
15070101,2004,0
15070101,2005,11.286634818203693
15070101,2006,0.7725629401370065
15070101,2007,0
15070101,2008,2.9643252006147205
15070101,2009,0
15070101,2010,0
15070101,2011,0
15070101,2012,0
15070101,2013,0
15070101,2014,7.948149401466798
15070101,2015,0
15070101,2016,0
15070101,2017,1.54870456260135
15070101,2018,8.113788842904281
15070101,2019,0
15070101,2020,5.510701568207536
15070102,1991,0
15070102,1992,9.608219748144686
15070102,1993,33.96601736535071
15070102,1994,0
15070102,1995,1.6747596040399435
15070102,1996,0
15070102,1997,1.8746929261191776
15070102,1998,0.22749323237577648
15070102,1999,0
15070102,2000,5.496505032338655
15070102,2001,0
15070102,2002,0
15070102,2003,6.503276726066059
15070102,2004,0
15070102,2005,9.89632431851519
15070102,2006,0
15070102,2007,0
15070102,2008,0
15070102,2009,0
15070102,2010,7.4651557696504245
15070102,2011,0
15070102,2012,0
15070102,2013,0
15070102,2014,2.22011026546842
15070102,2015,0
15070102,2016,0
15070102,2017,11.373291063874186
15070102,2018,2.9227676513784173
15070102,2019,0
15070102,2020,0
15070103,1991,0
15070103,1992,2.706918230174588
15070103,1993,26.462932501767916
15070103,1994,0
15070103,1995,5.665586243732654
15070103,1996,0
15070103,1997,6.954613611862322
15070103,1998,5.375041160806167
15070103,1999,1.663892181831335
15070103,2000,17.284684519559324
15070103,2001,0
15070103,2002,0
15070103,2003,10.749667777566735
15070103,2004,1.9702668432334207
15070103,2005,10.46056146086253
15070103,2006,0
15070103,2007,0
15070103,2008,0
15070103,2009,0
15070103,2010,11.478916851761813
15070103,2011,0
15070103,2012,0
15070103,2013,0
15070103,2014,8.06460324193526
15070103,2015,0
15070103,2016,0
15070103,2017,14.438742256010988
15070103,2018,0
15070103,2019,0
15070103,2020,0
15070104,1991,0
15070104,1992,0
15070104,1993,27.349709865914438
15070104,1994,0
15070104,1995,0
15070104,1996,0
15070104,1997,0
15070104,1998,10.78108592815413
15070104,1999,3.6197954795755884
15070104,2000,27.46389056911218
15070104,2001,0
15070104,2002,0
15070104,2003,28.629339810707854
15070104,2004,0
15070104,2005,24.250857323674968
15070104,2006,0
15070104,2007,0
15070104,2008,7.811775665497557
15070104,2009,0
15070104,2010,21.490310008489338
15070104,2011,0
15070104,2012,0
15070104,2013,1.342740103643596
15070104,2014,0
15070104,2015,0
15070104,2016,0
15070104,2017,6.845563015154113
15070104,2018,0
15070104,2019,0
15070104,2020,0
15070201,1991,0
15070201,1992,0
15070201,1993,20.00478756334883
15070201,1994,0
15070201,1995,0
15070201,1996,0
15070201,1997,0
15070201,1998,0
15070201,1999,0
15070201,2000,0
15070201,2001,3.2232563983573854
15070201,2002,0
15070201,2003,5.4456452031661104
15070201,2004,7.266307673749607
15070201,2005,13.8360076434066
15070201,2006,6.538754000259646
15070201,2007,2.403079433057858
15070201,2008,26.527323694089656
15070201,2009,0
15070201,2010,11.393107870624139
15070201,2011,0
15070201,2012,0
15070201,2013,11.869989541325651
15070201,2014,0
15070201,2015,0
15070201,2016,0
15070201,2017,0
15070201,2018,2.6337187062756136
15070201,2019,0
15070201,2020,0
15070202,1991,0
15070202,1992,0
15070202,1993,12.679753458521263
15070202,1994,0
15070202,1995,0
15070202,1996,0
15070202,1997,0
15070202,1998,13.694542745891818
15070202,1999,1.8989903972574191
15070202,2000,0
15070202,2001,0
15070202,2002,0
15070202,2003,4.480315904480862
15070202,2004,0
15070202,2005,15.058560506546474
15070202,2006,6.457920118124628
15070202,2007,2.3175071256268045
15070202,2008,22.745242684004285
15070202,2009,0
15070202,2010,0
15070202,2011,0
15070202,2012,8.857524286868852
15070202,2013,7.393673880183443
15070202,2014,6.122310798450421
15070202,2015,0
15070202,2016,0
15070202,2017,0
15070202,2018,21.458516318187094
15070202,2019,0
15070202,2020,13.018249143517437
15070203,1991,0
15070203,1992,7.1806782767827375
15070203,1993,23.70055225617046
15070203,1994,0
15070203,1995,0
15070203,1996,0
15070203,1997,3.7762018688691095
15070203,1998,9.017357429840397
15070203,1999,5.856809550227296
15070203,2000,0
15070203,2001,4.982291160507875
15070203,2002,0
15070203,2003,5.6649381627596735
15070203,2004,8.936741414704233
15070203,2005,18.727723715831317
15070203,2006,7.3880182252580795
15070203,2007,12.015636941226804
15070203,2008,35.19318734045148
15070203,2009,0
15070203,2010,2.236347188187447
15070203,2011,0
15070203,2012,20.887804907145792
15070203,2013,19.733067016122032
15070203,2014,9.505977353195771
15070203,2015,0
15070203,2016,0
15070203,2017,0
15070203,2018,20.410580854450217
15070203,2019,0
15070203,2020,15.778108350038346
15080101,1991,2.9438301685375765
15080101,1992,9.026481795600313
15080101,1993,60.501579678889286
15080101,1994,11.266824326873898
15080101,1995,0
15080101,1996,8.327726625168012
15080101,1997,30.443050511911462
15080101,1998,24.442058920334087
15080101,1999,0
15080101,2000,13.915744009579614
15080101,2001,12.187284156892439
15080101,2002,4.4151419346982435
15080101,2003,0
15080101,2004,17.028064361434527
15080101,2005,30.406411461372418
15080101,2006,0
15080101,2007,31.67997794167309
15080101,2008,15.817826533532697
15080101,2009,0
15080101,2010,11.135303453493234
15080101,2011,0
15080101,2012,1.315277737154384
15080101,2013,0
15080101,2014,0
15080101,2015,0
15080101,2016,0
15080101,2017,0
15080101,2018,16.51472911449394
15080101,2019,0
15080101,2020,0
15080102,1991,7.267554270533671
15080102,1992,33.36491896803676
15080102,1993,36.321233947995346
15080102,1994,22.982186045404198
15080102,1995,12.98685234603572
15080102,1996,6.489191067794385
15080102,1997,34.589591700339376
15080102,1998,18.989536907977964
15080102,1999,22.812953705535175
15080102,2000,0
15080102,2001,28.19699707988786
15080102,2002,0
15080102,2003,0
15080102,2004,22.29864027106207
15080102,2005,26.84799531735183
15080102,2006,3.4207153942899575
15080102,2007,30.435029011758786
15080102,2008,45.571789013310195
15080102,2009,0
15080102,2010,2.153814493239062
15080102,2011,0
15080102,2012,11.641666364238823
15080102,2013,35.96681534881548
15080102,2014,0
15080102,2015,0
15080102,2016,0
15080102,2017,0
15080102,2018,15.432558413316682
15080102,2019,12.965841150440212
15080102,2020,16.908036967533913
15080103,1991,0
15080103,1992,13.990937415581355
15080103,1993,28.807958044302392
15080103,1994,0
15080103,1995,0.49678560421747664
15080103,1996,0
15080103,1997,8.398180982883344
15080103,1998,6.8296668068833695
15080103,1999,12.3366179653525
15080103,2000,0
15080103,2001,7.103006530683084
15080103,2002,0
15080103,2003,7.1952779179779265
15080103,2004,10.10513503568759
15080103,2005,16.308020630389702
15080103,2006,8.083483186590371
15080103,2007,12.618331492140491
15080103,2008,36.99637691403117
15080103,2009,0
15080103,2010,6.3502409806676
15080103,2011,0
15080103,2012,19.874532568647243
15080103,2013,20.059897646276966
15080103,2014,5.3753278179778405
15080103,2015,0
15080103,2016,0
15080103,2017,0.15173927133240064
15080103,2018,18.603966949832312
15080103,2019,0
15080103,2020,12.215485316334684
15080200,1991,0
15080200,1992,0
15080200,1993,51.91805651007443
15080200,1994,37.30093945100327
15080200,1995,12.773390302912627
15080200,1996,24.907579781844287
15080200,1997,20.103070984776547
15080200,1998,31.675770745360467
15080200,1999,0
15080200,2000,14.052814168868055
15080200,2001,18.736338468893923
15080200,2002,13.548343606943552
15080200,2003,14.22717005983675
15080200,2004,6.264025081796797
15080200,2005,9.420302204447571
15080200,2006,0
15080200,2007,20.5896721495288
15080200,2008,6.931013492832383
15080200,2009,0
15080200,2010,14.669963573472492
15080200,2011,0
15080200,2012,0
15080200,2013,0
15080200,2014,17.635438623768582
15080200,2015,0
15080200,2016,0
15080200,2017,0
15080200,2018,0
15080200,2019,0
15080200,2020,1.108985979302144
15080301,1991,7.472370474759712
15080301,1992,0
15080301,1993,31.336113788969605
15080301,1994,3.4511684753176715
15080301,1995,0
15080301,1996,0
15080301,1997,3.3841162609070263
15080301,1998,0
15080301,1999,0
15080301,2000,23.57678558741176
15080301,2001,0
15080301,2002,0
15080301,2003,0
15080301,2004,0
15080301,2005,1.2853218231742924
15080301,2006,0
15080301,2007,0
15080301,2008,0
15080301,2009,0
15080301,2010,0
15080301,2011,0
15080301,2012,0
15080301,2013,7.236236313483224
15080301,2014,40.81502334146833
15080301,2015,0
15080301,2016,0
15080301,2017,0
15080301,2018,0
15080301,2019,0
15080301,2020,0
15080302,1991,21.5580832981679
15080302,1992,0
15080302,1993,39.37755188045695
15080302,1994,19.388025862855386
15080302,1995,9.860014802075929
15080302,1996,6.972018148612839
15080302,1997,24.143913917197136
15080302,1998,18.392250708894842
15080302,1999,0
15080302,2000,52.47080834763021
15080302,2001,18.647482836704793
15080302,2002,1.3607150274760327
15080302,2003,0
15080302,2004,0
15080302,2005,5.635892693808145
15080302,2006,0
15080302,2007,14.840905642253038
15080302,2008,0
15080302,2009,0
15080302,2010,4.552120589459507
15080302,2011,0
15080302,2012,0
15080302,2013,9.647609726708614
15080302,2014,39.87452139764459
15080302,2015,0
15080302,2016,0
15080302,2017,0
15080302,2018,17.443153111823108
15080302,2019,0
15080302,2020,0
